ID,Label,inSubset,Parent,animal name,Equivalent Class,role,model objective,pathogen_name,model for pathogen,disease name,model for disease,Definition,term editor,seeAlso
ID,A rdfs:label,A http://www.geneontology.org/formats/oboInOwl#inSubset,C % SPLIT=|,,EC %,C 'has role' some % SPLIT=|,C 'animal model for study' some % SPLIT=|,,C 'animal model for pathogen' some % SPLIT=|,,C 'animal model for disease' some % SPLIT=|,A definition,A term editor SPLIT=|,A rdfs:seeAlso SPLIT=|
OLAS:0000223,Vaccinia virus vaccine mouse animal model,vaccine animal model,mouse animal model,mouse,,laboratory animal model role,lab animal model for vaccine study objective,Vaccinia virus,NCBITaxon:10245,,,A mouse animal model that is used for rearch of vaccine against Vaccinia virus.,Oliver He|Jie Zheng|Leo Yeh,https://violinet.org/vaxquery/query_detail.php?c_pathogen_id=243#Vaccine_Information
OLAS:0000225,Variola virus vaccine monkey animal model,vaccine animal model,monkey animal model,monkey,,laboratory animal model role,lab animal model for vaccine study objective,Variola virus,NCBITaxon:10255,,,A monkey animal model that is used for rearch of vaccine against Variola virus.,Oliver He|Jie Zheng|Leo Yeh,https://violinet.org/vaxquery/query_detail.php?c_pathogen_id=18#Vaccine_Information
OLAS:0000224,Variola virus vaccine mouse animal model,vaccine animal model,mouse animal model,mouse,,laboratory animal model role,lab animal model for vaccine study objective,Variola virus,NCBITaxon:10255,,,A mouse animal model that is used for rearch of vaccine against Variola virus.,Oliver He|Jie Zheng|Leo Yeh,https://violinet.org/vaxquery/query_detail.php?c_pathogen_id=18#Vaccine_Information
OLAS:0000226,Variola virus vaccine rabbit animal model,vaccine animal model,rabbit animal model,rabbit,,laboratory animal model role,lab animal model for vaccine study objective,Variola virus,NCBITaxon:10255,,,A rabbit animal model that is used for rearch of vaccine against Variola virus.,Oliver He|Jie Zheng|Leo Yeh,https://violinet.org/vaxquery/query_detail.php?c_pathogen_id=18#Vaccine_Information
OLAS:0000227,Orf virus vaccine mouse animal model,vaccine animal model,mouse animal model,mouse,,laboratory animal model role,lab animal model for vaccine study objective,Orf virus,NCBITaxon:10258,,,A mouse animal model that is used for rearch of vaccine against Orf virus.,Oliver He|Jie Zheng|Leo Yeh,https://violinet.org/vaxquery/query_detail.php?c_pathogen_id=160#Vaccine_Information
OLAS:0000229,Herpes simplex virus type 1 and 2 vaccine guinea pig animal model,vaccine animal model,guinea pig animal model,guinea pig,,laboratory animal model role,lab animal model for vaccine study objective,Herpes simplex virus type 1 and 2,NCBITaxon:10298,,,A guinea pig animal model that is used for rearch of vaccine against Herpes simplex virus type 1 and 2.,Oliver He|Jie Zheng|Leo Yeh,https://violinet.org/vaxquery/query_detail.php?c_pathogen_id=100#Vaccine_Information
OLAS:0000228,Herpes simplex virus type 1 and 2 vaccine mouse animal model,vaccine animal model,mouse animal model,mouse,,laboratory animal model role,lab animal model for vaccine study objective,Herpes simplex virus type 1 and 2,NCBITaxon:10298,,,A mouse animal model that is used for rearch of vaccine against Herpes simplex virus type 1 and 2.,Oliver He|Jie Zheng|Leo Yeh,https://violinet.org/vaxquery/query_detail.php?c_pathogen_id=100#Vaccine_Information
OLAS:0000231,Bovine herpesvirus 1 vaccine cattle animal model,vaccine animal model,cattle animal model,cattle,,laboratory animal model role,lab animal model for vaccine study objective,Bovine herpesvirus 1,NCBITaxon:10320,,,A cattle animal model that is used for rearch of vaccine against Bovine herpesvirus 1.,Oliver He|Jie Zheng|Leo Yeh,https://violinet.org/vaxquery/query_detail.php?c_pathogen_id=67#Vaccine_Information
OLAS:0000230,Bovine herpesvirus 1 vaccine mouse animal model,vaccine animal model,mouse animal model,mouse,,laboratory animal model role,lab animal model for vaccine study objective,Bovine herpesvirus 1,NCBITaxon:10320,,,A mouse animal model that is used for rearch of vaccine against Bovine herpesvirus 1.,Oliver He|Jie Zheng|Leo Yeh,https://violinet.org/vaxquery/query_detail.php?c_pathogen_id=67#Vaccine_Information
OLAS:0000233,Equid herpesvirus vaccine horse animal model,vaccine animal model,horse animal model,horse,,laboratory animal model role,lab animal model for vaccine study objective,Equid herpesvirus,NCBITaxon:10326,,,A horse animal model that is used for rearch of vaccine against Equid herpesvirus.,Oliver He|Jie Zheng|Leo Yeh,https://violinet.org/vaxquery/query_detail.php?c_pathogen_id=173#Vaccine_Information
OLAS:0000232,Equid herpesvirus vaccine mouse animal model,vaccine animal model,mouse animal model,mouse,,laboratory animal model role,lab animal model for vaccine study objective,Equid herpesvirus,NCBITaxon:10326,,,A mouse animal model that is used for rearch of vaccine against Equid herpesvirus.,Oliver He|Jie Zheng|Leo Yeh,https://violinet.org/vaxquery/query_detail.php?c_pathogen_id=173#Vaccine_Information
OLAS:0000234,Feline herpesvirus 1 vaccine cat animal model,vaccine animal model,cat animal model,cat,,laboratory animal model role,lab animal model for vaccine study objective,Feline herpesvirus 1,NCBITaxon:10334,,,A cat animal model that is used for rearch of vaccine against Feline herpesvirus 1.,Oliver He|Jie Zheng|Leo Yeh,https://violinet.org/vaxquery/query_detail.php?c_pathogen_id=156#Vaccine_Information
OLAS:0000235,Varicella-zoster virus vaccine guinea pig animal model,vaccine animal model,guinea pig animal model,guinea pig,,laboratory animal model role,lab animal model for vaccine study objective,Varicella-zoster virus,NCBITaxon:10335,,,A guinea pig animal model that is used for rearch of vaccine against Varicella-zoster virus.,Oliver He|Jie Zheng|Leo Yeh,https://violinet.org/vaxquery/query_detail.php?c_pathogen_id=60#Vaccine_Information
OLAS:0000236,Pseudorabies virus vaccine mouse animal model,vaccine animal model,mouse animal model,mouse,,laboratory animal model role,lab animal model for vaccine study objective,Pseudorabies virus,NCBITaxon:10345,,,A mouse animal model that is used for rearch of vaccine against Pseudorabies virus.,Oliver He|Jie Zheng|Leo Yeh,https://violinet.org/vaxquery/query_detail.php?c_pathogen_id=65#Vaccine_Information
OLAS:0000237,Pseudorabies virus vaccine pig animal model,vaccine animal model,pig animal model,pig,,laboratory animal model role,lab animal model for vaccine study objective,Pseudorabies virus,NCBITaxon:10345,,,A pig animal model that is used for rearch of vaccine against Pseudorabies virus.,Oliver He|Jie Zheng|Leo Yeh,https://violinet.org/vaxquery/query_detail.php?c_pathogen_id=65#Vaccine_Information
OLAS:0000238,Human cytomegalovirus vaccine mouse animal model,vaccine animal model,mouse animal model,mouse,,laboratory animal model role,lab animal model for vaccine study objective,Human cytomegalovirus,NCBITaxon:10359,,,A mouse animal model that is used for rearch of vaccine against Human cytomegalovirus.,Oliver He|Jie Zheng|Leo Yeh,https://violinet.org/vaxquery/query_detail.php?c_pathogen_id=231#Vaccine_Information
OLAS:0000239,Murine cytomegalovirus vaccine mouse animal model,vaccine animal model,mouse animal model,mouse,,laboratory animal model role,lab animal model for vaccine study objective,Murine cytomegalovirus,NCBITaxon:10366,,,A mouse animal model that is used for rearch of vaccine against Murine cytomegalovirus.,Oliver He|Jie Zheng|Leo Yeh,https://violinet.org/vaxquery/query_detail.php?c_pathogen_id=227#Vaccine_Information
OLAS:0000240,Gallid herpesvirus 1 vaccine chicken animal model,vaccine animal model,chicken animal model,chicken,,laboratory animal model role,lab animal model for vaccine study objective,Gallid herpesvirus 1,NCBITaxon:10386,,,A chicken animal model that is used for rearch of vaccine against Gallid herpesvirus 1.,Oliver He|Jie Zheng|Leo Yeh,https://violinet.org/vaxquery/query_detail.php?c_pathogen_id=157#Vaccine_Information
OLAS:0000241,infectious laryngotracheitis virus vaccine chicken animal model,vaccine animal model,chicken animal model,chicken,,laboratory animal model role,lab animal model for vaccine study objective,infectious laryngotracheitis virus,NCBITaxon:10386,,,A chicken animal model that is used for rearch of vaccine against infectious laryngotracheitis virus.,Oliver He|Jie Zheng|Leo Yeh,https://violinet.org/vaxquery/query_detail.php?c_pathogen_id=268#Vaccine_Information
OLAS:0000242,Marek's disease virus vaccine chicken animal model,vaccine animal model,chicken animal model,chicken,,laboratory animal model role,lab animal model for vaccine study objective,Marek's disease virus,NCBITaxon:10390,,,A chicken animal model that is used for rearch of vaccine against Marek's disease virus.,Oliver He|Jie Zheng|Leo Yeh,https://violinet.org/vaxquery/query_detail.php?c_pathogen_id=69#Vaccine_Information
OLAS:0000245,Hepatitis B virus vaccine chimpanzee animal model,vaccine animal model,chimpanzee animal model,chimpanzee,,laboratory animal model role,lab animal model for vaccine study objective,Hepatitis B virus,NCBITaxon:10407,,,A chimpanzee animal model that is used for rearch of vaccine against Hepatitis B virus.,Oliver He|Jie Zheng|Leo Yeh,https://violinet.org/vaxquery/query_detail.php?c_pathogen_id=49#Vaccine_Information
OLAS:0000244,Hepatitis B virus vaccine ducks animal model,vaccine animal model,ducks animal model,ducks,,laboratory animal model role,lab animal model for vaccine study objective,Hepatitis B virus,NCBITaxon:10407,,,A ducks animal model that is used for rearch of vaccine against Hepatitis B virus.,Oliver He|Jie Zheng|Leo Yeh,https://violinet.org/vaxquery/query_detail.php?c_pathogen_id=49#Vaccine_Information
OLAS:0000243,Hepatitis B virus vaccine mouse animal model,vaccine animal model,mouse animal model,mouse,,laboratory animal model role,lab animal model for vaccine study objective,Hepatitis B virus,NCBITaxon:10407,,,A mouse animal model that is used for rearch of vaccine against Hepatitis B virus.,Oliver He|Jie Zheng|Leo Yeh,https://violinet.org/vaxquery/query_detail.php?c_pathogen_id=49#Vaccine_Information
OLAS:0000391,Duck enteritis virus vaccine ducks animal model,vaccine animal model,ducks animal model,ducks,,laboratory animal model role,lab animal model for vaccine study objective,Duck enteritis virus,NCBITaxon:104388,,,A ducks animal model that is used for rearch of vaccine against Duck enteritis virus.,Oliver He|Jie Zheng|Leo Yeh,https://violinet.org/vaxquery/query_detail.php?c_pathogen_id=172#Vaccine_Information
OLAS:0000246,African Swine Fever virus vaccine pig animal model,vaccine animal model,pig animal model,pig,,laboratory animal model role,lab animal model for vaccine study objective,African Swine Fever virus,NCBITaxon:10497,,,A pig animal model that is used for rearch of vaccine against African Swine Fever virus.,Oliver He|Jie Zheng|Leo Yeh,https://violinet.org/vaxquery/query_detail.php?c_pathogen_id=220#Vaccine_Information
OLAS:0000247,Adenovirus vaccine mouse animal model,vaccine animal model,mouse animal model,mouse,,laboratory animal model role,lab animal model for vaccine study objective,Adenovirus,NCBITaxon:10508,,,A mouse animal model that is used for rearch of vaccine against Adenovirus.,Oliver He|Jie Zheng|Leo Yeh,https://violinet.org/vaxquery/query_detail.php?c_pathogen_id=216#Vaccine_Information
OLAS:0000248,Human Papillomavirus vaccine mouse animal model,vaccine animal model,mouse animal model,mouse,,laboratory animal model role,lab animal model for vaccine study objective,Human Papillomavirus,NCBITaxon:10566,,,A mouse animal model that is used for rearch of vaccine against Human Papillomavirus.,Oliver He|Jie Zheng|Leo Yeh,https://violinet.org/vaxquery/query_detail.php?c_pathogen_id=54#Vaccine_Information
OLAS:0000249,Human Papillomavirus vaccine rabbit animal model,vaccine animal model,rabbit animal model,rabbit,,laboratory animal model role,lab animal model for vaccine study objective,Human Papillomavirus,NCBITaxon:10566,,,A rabbit animal model that is used for rearch of vaccine against Human Papillomavirus.,Oliver He|Jie Zheng|Leo Yeh,https://violinet.org/vaxquery/query_detail.php?c_pathogen_id=54#Vaccine_Information
OLAS:0000250,Bovine papillomavirus vaccine cattle animal model,vaccine animal model,cattle animal model,cattle,,laboratory animal model role,lab animal model for vaccine study objective,Bovine papillomavirus,NCBITaxon:10571,,,A cattle animal model that is used for rearch of vaccine against Bovine papillomavirus.,Oliver He|Jie Zheng|Leo Yeh,https://violinet.org/vaxquery/query_detail.php?c_pathogen_id=193#Vaccine_Information
OLAS:0000251,Avian Polyomavirus vaccine parrot animal model,vaccine animal model,parrot animal model,parrot,,laboratory animal model role,lab animal model for vaccine study objective,Avian Polyomavirus,NCBITaxon:1702318,,,A parrot animal model that is used for rearch of vaccine against Avian Polyomavirus.,Oliver He|Jie Zheng|Leo Yeh,https://violinet.org/vaxquery/query_detail.php?c_pathogen_id=168#Vaccine_Information
OLAS:0000252,Canine parvovirus vaccine dog animal model,vaccine animal model,dog animal model,dog,,laboratory animal model role,lab animal model for vaccine study objective,Canine parvovirus,NCBITaxon:10788,,,A dog animal model that is used for rearch of vaccine against Canine parvovirus.,Oliver He|Jie Zheng|Leo Yeh,https://violinet.org/vaxquery/query_detail.php?c_pathogen_id=72#Vaccine_Information
OLAS:0000253,Rotavirus vaccine mouse animal model,vaccine animal model,mouse animal model,mouse,,laboratory animal model role,lab animal model for vaccine study objective,Rotavirus,NCBITaxon:10912,,,A mouse animal model that is used for rearch of vaccine against Rotavirus.,Oliver He|Jie Zheng|Leo Yeh,https://violinet.org/vaxquery/query_detail.php?c_pathogen_id=57#Vaccine_Information
OLAS:0000254,Porcine rotavirus vaccine pig animal model,vaccine animal model,pig animal model,pig,,laboratory animal model role,lab animal model for vaccine study objective,Porcine rotavirus,NCBITaxon:10913,,,A pig animal model that is used for rearch of vaccine against Porcine rotavirus.,Oliver He|Jie Zheng|Leo Yeh,https://violinet.org/vaxquery/query_detail.php?c_pathogen_id=184#Vaccine_Information
OLAS:0000255,Infectious bursal disease virus vaccine chicken animal model,vaccine animal model,chicken animal model,chicken,,laboratory animal model role,lab animal model for vaccine study objective,Infectious bursal disease virus,NCBITaxon:10995,,,A chicken animal model that is used for rearch of vaccine against Infectious bursal disease virus.,Oliver He|Jie Zheng|Leo Yeh,https://violinet.org/vaxquery/query_detail.php?c_pathogen_id=146#Vaccine_Information
OLAS:0000256,Infectious pancreatic necrosis virus vaccine fish animal model,vaccine animal model,fish animal model,fish,,laboratory animal model role,lab animal model for vaccine study objective,Infectious pancreatic necrosis virus,NCBITaxon:11002,,,A fish animal model that is used for rearch of vaccine against Infectious pancreatic necrosis virus.,Oliver He|Jie Zheng|Leo Yeh,https://violinet.org/vaxquery/query_detail.php?c_pathogen_id=245#Vaccine_Information
OLAS:0000257,Eastern equine encephalitis virus vaccine macaque animal model,vaccine animal model,macaque animal model,macaque,,laboratory animal model role,lab animal model for vaccine study objective,Eastern equine encephalitis virus,NCBITaxon:11021,,,A macaque animal model that is used for rearch of vaccine against Eastern equine encephalitis virus.,Oliver He|Jie Zheng|Leo Yeh,https://violinet.org/vaxquery/query_detail.php?c_pathogen_id=151#Vaccine_Information
OLAS:0000258,Sindbis virus vaccine mouse animal model,vaccine animal model,mouse animal model,mouse,,laboratory animal model role,lab animal model for vaccine study objective,Sindbis virus,NCBITaxon:11034,,,A mouse animal model that is used for rearch of vaccine against Sindbis virus.,Oliver He|Jie Zheng|Leo Yeh,https://violinet.org/vaxquery/query_detail.php?c_pathogen_id=244#Vaccine_Information
OLAS:0000261,Venezuelan equine encephalitis virus vaccine guinea pig animal model,vaccine animal model,guinea pig animal model,guinea pig,,laboratory animal model role,lab animal model for vaccine study objective,Venezuelan equine encephalitis virus,NCBITaxon:11036,,,A guinea pig animal model that is used for rearch of vaccine against Venezuelan equine encephalitis virus.,Oliver He|Jie Zheng|Leo Yeh,https://violinet.org/vaxquery/query_detail.php?c_pathogen_id=32#Vaccine_Information
OLAS:0000259,Venezuelan equine encephalitis virus vaccine hamster animal model,vaccine animal model,hamster animal model,hamster,,laboratory animal model role,lab animal model for vaccine study objective,Venezuelan equine encephalitis virus,NCBITaxon:11036,,,A hamster animal model that is used for rearch of vaccine against Venezuelan equine encephalitis virus.,Oliver He|Jie Zheng|Leo Yeh,https://violinet.org/vaxquery/query_detail.php?c_pathogen_id=32#Vaccine_Information
OLAS:0000263,Venezuelan equine encephalitis virus vaccine horse animal model,vaccine animal model,horse animal model,horse,,laboratory animal model role,lab animal model for vaccine study objective,Venezuelan equine encephalitis virus,NCBITaxon:11036,,,A horse animal model that is used for rearch of vaccine against Venezuelan equine encephalitis virus.,Oliver He|Jie Zheng|Leo Yeh,https://violinet.org/vaxquery/query_detail.php?c_pathogen_id=32#Vaccine_Information
OLAS:0000262,Venezuelan equine encephalitis virus vaccine monkey animal model,vaccine animal model,monkey animal model,monkey,,laboratory animal model role,lab animal model for vaccine study objective,Venezuelan equine encephalitis virus,NCBITaxon:11036,,,A monkey animal model that is used for rearch of vaccine against Venezuelan equine encephalitis virus.,Oliver He|Jie Zheng|Leo Yeh,https://violinet.org/vaxquery/query_detail.php?c_pathogen_id=32#Vaccine_Information
OLAS:0000260,Venezuelan equine encephalitis virus vaccine mouse animal model,vaccine animal model,mouse animal model,mouse,,laboratory animal model role,lab animal model for vaccine study objective,Venezuelan equine encephalitis virus,NCBITaxon:11036,,,A mouse animal model that is used for rearch of vaccine against Venezuelan equine encephalitis virus.,Oliver He|Jie Zheng|Leo Yeh,https://violinet.org/vaxquery/query_detail.php?c_pathogen_id=32#Vaccine_Information
OLAS:0000265,Western equine encephalomyelitis virus vaccine chicken animal model,vaccine animal model,chicken animal model,chicken,,laboratory animal model role,lab animal model for vaccine study objective,Western equine encephalomyelitis virus,NCBITaxon:11039,,,A chicken animal model that is used for rearch of vaccine against Western equine encephalomyelitis virus.,Oliver He|Jie Zheng|Leo Yeh,https://violinet.org/vaxquery/query_detail.php?c_pathogen_id=122#Vaccine_Information
OLAS:0000264,Western equine encephalomyelitis virus vaccine mouse animal model,vaccine animal model,mouse animal model,mouse,,laboratory animal model role,lab animal model for vaccine study objective,Western equine encephalomyelitis virus,NCBITaxon:11039,,,A mouse animal model that is used for rearch of vaccine against Western equine encephalomyelitis virus.,Oliver He|Jie Zheng|Leo Yeh,https://violinet.org/vaxquery/query_detail.php?c_pathogen_id=122#Vaccine_Information
OLAS:0000266,Equine arteritis virus vaccine horse animal model,vaccine animal model,horse animal model,horse,,laboratory animal model role,lab animal model for vaccine study objective,Equine arteritis virus,NCBITaxon:11047,,,A horse animal model that is used for rearch of vaccine against Equine arteritis virus.,Oliver He|Jie Zheng|Leo Yeh,https://violinet.org/vaxquery/query_detail.php?c_pathogen_id=191#Vaccine_Information
OLAS:0000268,Japanese encephalitis virus vaccine monkey animal model,vaccine animal model,monkey animal model,monkey,,laboratory animal model role,lab animal model for vaccine study objective,Japanese encephalitis virus,NCBITaxon:11072,,,A monkey animal model that is used for rearch of vaccine against Japanese encephalitis virus.,Oliver He|Jie Zheng|Leo Yeh,https://violinet.org/vaxquery/query_detail.php?c_pathogen_id=51#Vaccine_Information
OLAS:0000267,Japanese encephalitis virus vaccine mouse animal model,vaccine animal model,mouse animal model,mouse,,laboratory animal model role,lab animal model for vaccine study objective,Japanese encephalitis virus,NCBITaxon:11072,,,A mouse animal model that is used for rearch of vaccine against Japanese encephalitis virus.,Oliver He|Jie Zheng|Leo Yeh,https://violinet.org/vaxquery/query_detail.php?c_pathogen_id=51#Vaccine_Information
OLAS:0000269,Japanese encephalitis virus vaccine pig animal model,vaccine animal model,pig animal model,pig,,laboratory animal model role,lab animal model for vaccine study objective,Japanese encephalitis virus,NCBITaxon:11072,,,A pig animal model that is used for rearch of vaccine against Japanese encephalitis virus.,Oliver He|Jie Zheng|Leo Yeh,https://violinet.org/vaxquery/query_detail.php?c_pathogen_id=51#Vaccine_Information
OLAS:0000272,West Nile virus vaccine cat animal model,vaccine animal model,cat animal model,cat,,laboratory animal model role,lab animal model for vaccine study objective,West Nile virus,NCBITaxon:11082,,,A cat animal model that is used for rearch of vaccine against West Nile virus.,Oliver He|Jie Zheng|Leo Yeh,https://violinet.org/vaxquery/query_detail.php?c_pathogen_id=68#Vaccine_Information
OLAS:0000271,West Nile virus vaccine dog animal model,vaccine animal model,dog animal model,dog,,laboratory animal model role,lab animal model for vaccine study objective,West Nile virus,NCBITaxon:11082,,,A dog animal model that is used for rearch of vaccine against West Nile virus.,Oliver He|Jie Zheng|Leo Yeh,https://violinet.org/vaxquery/query_detail.php?c_pathogen_id=68#Vaccine_Information
OLAS:0000273,West Nile virus vaccine horse animal model,vaccine animal model,horse animal model,horse,,laboratory animal model role,lab animal model for vaccine study objective,West Nile virus,NCBITaxon:11082,,,A horse animal model that is used for rearch of vaccine against West Nile virus.,Oliver He|Jie Zheng|Leo Yeh,https://violinet.org/vaxquery/query_detail.php?c_pathogen_id=68#Vaccine_Information
OLAS:0000270,West Nile virus vaccine mouse animal model,vaccine animal model,mouse animal model,mouse,,laboratory animal model role,lab animal model for vaccine study objective,West Nile virus,NCBITaxon:11082,,,A mouse animal model that is used for rearch of vaccine against West Nile virus.,Oliver He|Jie Zheng|Leo Yeh,https://violinet.org/vaxquery/query_detail.php?c_pathogen_id=68#Vaccine_Information
OLAS:0000274,Tick-borne Encephalitis Virus (TBEV) vaccine mouse animal model,vaccine animal model,mouse animal model,mouse,,laboratory animal model role,lab animal model for vaccine study objective,Tick-borne Encephalitis Virus (TBEV),NCBITaxon:11084,,,A mouse animal model that is used for rearch of vaccine against Tick-borne Encephalitis Virus (TBEV).,Oliver He|Jie Zheng|Leo Yeh,https://violinet.org/vaxquery/query_detail.php?c_pathogen_id=106#Vaccine_Information
OLAS:0000275,Yellow fever virus vaccine hamster animal model,vaccine animal model,hamster animal model,hamster,,laboratory animal model role,lab animal model for vaccine study objective,Yellow fever virus,NCBITaxon:11089,,,A hamster animal model that is used for rearch of vaccine against Yellow fever virus.,Oliver He|Jie Zheng|Leo Yeh,https://violinet.org/vaxquery/query_detail.php?c_pathogen_id=59#Vaccine_Information
OLAS:0000277,Yellow fever virus vaccine monkey animal model,vaccine animal model,monkey animal model,monkey,,laboratory animal model role,lab animal model for vaccine study objective,Yellow fever virus,NCBITaxon:11089,,,A monkey animal model that is used for rearch of vaccine against Yellow fever virus.,Oliver He|Jie Zheng|Leo Yeh,https://violinet.org/vaxquery/query_detail.php?c_pathogen_id=59#Vaccine_Information
OLAS:0000276,Yellow fever virus vaccine mouse animal model,vaccine animal model,mouse animal model,mouse,,laboratory animal model role,lab animal model for vaccine study objective,Yellow fever virus,NCBITaxon:11089,,,A mouse animal model that is used for rearch of vaccine against Yellow fever virus.,Oliver He|Jie Zheng|Leo Yeh,https://violinet.org/vaxquery/query_detail.php?c_pathogen_id=59#Vaccine_Information
OLAS:0000278,Classical swine fever virus vaccine mouse animal model,vaccine animal model,mouse animal model,mouse,,laboratory animal model role,lab animal model for vaccine study objective,Classical swine fever virus,NCBITaxon:11096,,,A mouse animal model that is used for rearch of vaccine against Classical swine fever virus.,Oliver He|Jie Zheng|Leo Yeh,https://violinet.org/vaxquery/query_detail.php?c_pathogen_id=66#Vaccine_Information
OLAS:0000279,Classical swine fever virus vaccine pig animal model,vaccine animal model,pig animal model,pig,,laboratory animal model role,lab animal model for vaccine study objective,Classical swine fever virus,NCBITaxon:11096,,,A pig animal model that is used for rearch of vaccine against Classical swine fever virus.,Oliver He|Jie Zheng|Leo Yeh,https://violinet.org/vaxquery/query_detail.php?c_pathogen_id=66#Vaccine_Information
OLAS:0000280,Bovine viral diarrhea virus 1 vaccine cattle animal model,vaccine animal model,cattle animal model,cattle,,laboratory animal model role,lab animal model for vaccine study objective,Bovine viral diarrhea virus 1,NCBITaxon:11099,,,A cattle animal model that is used for rearch of vaccine against Bovine viral diarrhea virus 1.,Oliver He|Jie Zheng|Leo Yeh,https://violinet.org/vaxquery/query_detail.php?c_pathogen_id=169#Vaccine_Information
OLAS:0000282,Infectious bronchitis virus vaccine chicken animal model,vaccine animal model,chicken animal model,chicken,,laboratory animal model role,lab animal model for vaccine study objective,Infectious bronchitis virus,NCBITaxon:11120,,,A chicken animal model that is used for rearch of vaccine against Infectious bronchitis virus.,Oliver He|Jie Zheng|Leo Yeh,https://violinet.org/vaxquery/query_detail.php?c_pathogen_id=145#Vaccine_Information
OLAS:0000281,Infectious bronchitis virus vaccine mouse animal model,vaccine animal model,mouse animal model,mouse,,laboratory animal model role,lab animal model for vaccine study objective,Infectious bronchitis virus,NCBITaxon:11120,,,A mouse animal model that is used for rearch of vaccine against Infectious bronchitis virus.,Oliver He|Jie Zheng|Leo Yeh,https://violinet.org/vaxquery/query_detail.php?c_pathogen_id=145#Vaccine_Information
OLAS:0000283,Feline infectious peritonitis virus vaccine cat animal model,vaccine animal model,cat animal model,cat,,laboratory animal model role,lab animal model for vaccine study objective,Feline infectious peritonitis virus,NCBITaxon:11135,,,A cat animal model that is used for rearch of vaccine against Feline infectious peritonitis virus.,Oliver He|Jie Zheng|Leo Yeh,https://violinet.org/vaxquery/query_detail.php?c_pathogen_id=175#Vaccine_Information
OLAS:0000284,Mumps virus vaccine guinea pig animal model,vaccine animal model,guinea pig animal model,guinea pig,,laboratory animal model role,lab animal model for vaccine study objective,Mumps virus,NCBITaxon:2560602,,,A guinea pig animal model that is used for rearch of vaccine against Mumps virus.,Oliver He|Jie Zheng|Leo Yeh,https://violinet.org/vaxquery/query_detail.php?c_pathogen_id=53#Vaccine_Information
OLAS:0000285,Mumps virus vaccine monkey animal model,vaccine animal model,monkey animal model,monkey,,laboratory animal model role,lab animal model for vaccine study objective,Mumps virus,NCBITaxon:2560602,,,A monkey animal model that is used for rearch of vaccine against Mumps virus.,Oliver He|Jie Zheng|Leo Yeh,https://violinet.org/vaxquery/query_detail.php?c_pathogen_id=53#Vaccine_Information
OLAS:0000286,Newcastle disease virus vaccine chicken animal model,vaccine animal model,chicken animal model,chicken,,laboratory animal model role,lab animal model for vaccine study objective,Newcastle disease virus,NCBITaxon:2560319,,,A chicken animal model that is used for rearch of vaccine against Newcastle disease virus.,Oliver He|Jie Zheng|Leo Yeh,https://violinet.org/vaxquery/query_detail.php?c_pathogen_id=70#Vaccine_Information
OLAS:0000289,Canine distemper virus vaccine cat animal model,vaccine animal model,cat animal model,cat,,laboratory animal model role,lab animal model for vaccine study objective,Canine distemper virus,NCBITaxon:3052342,,,A cat animal model that is used for rearch of vaccine against Canine distemper virus.,Oliver He|Jie Zheng|Leo Yeh,https://violinet.org/vaxquery/query_detail.php?c_pathogen_id=74#Vaccine_Information
OLAS:0000287,Canine distemper virus vaccine dog animal model,vaccine animal model,dog animal model,dog,,laboratory animal model role,lab animal model for vaccine study objective,Canine distemper virus,NCBITaxon:3052342,,,A dog animal model that is used for rearch of vaccine against Canine distemper virus.,Oliver He|Jie Zheng|Leo Yeh,https://violinet.org/vaxquery/query_detail.php?c_pathogen_id=74#Vaccine_Information
OLAS:0000288,Canine distemper virus vaccine ferret animal model,vaccine animal model,ferret animal model,ferret,,laboratory animal model role,lab animal model for vaccine study objective,Canine distemper virus,NCBITaxon:3052342,,,A ferret animal model that is used for rearch of vaccine against Canine distemper virus.,Oliver He|Jie Zheng|Leo Yeh,https://violinet.org/vaxquery/query_detail.php?c_pathogen_id=74#Vaccine_Information
OLAS:0000292,Measles virus vaccine dog animal model,vaccine animal model,dog animal model,dog,,laboratory animal model role,lab animal model for vaccine study objective,Measles virus,NCBITaxon:11234,,,A dog animal model that is used for rearch of vaccine against Measles virus.,Oliver He|Jie Zheng|Leo Yeh,https://violinet.org/vaxquery/query_detail.php?c_pathogen_id=52#Vaccine_Information
OLAS:0000291,Measles virus vaccine monkey animal model,vaccine animal model,monkey animal model,monkey,,laboratory animal model role,lab animal model for vaccine study objective,Measles virus,NCBITaxon:11234,,,A monkey animal model that is used for rearch of vaccine against Measles virus.,Oliver He|Jie Zheng|Leo Yeh,https://violinet.org/vaxquery/query_detail.php?c_pathogen_id=52#Vaccine_Information
OLAS:0000290,Measles virus vaccine rat animal model,vaccine animal model,rat animal model,rat,,laboratory animal model role,lab animal model for vaccine study objective,Measles virus,NCBITaxon:11234,,,A rat animal model that is used for rearch of vaccine against Measles virus.,Oliver He|Jie Zheng|Leo Yeh,https://violinet.org/vaxquery/query_detail.php?c_pathogen_id=52#Vaccine_Information
OLAS:0000294,rinderpest virus vaccine cattle animal model,vaccine animal model,cattle animal model,cattle,,laboratory animal model role,lab animal model for vaccine study objective,rinderpest virus,NCBITaxon:11241,,,A cattle animal model that is used for rearch of vaccine against rinderpest virus.,Oliver He|Jie Zheng|Leo Yeh,https://violinet.org/vaxquery/query_detail.php?c_pathogen_id=285#Vaccine_Information
OLAS:0000293,rinderpest virus vaccine ferret animal model,vaccine animal model,ferret animal model,ferret,,laboratory animal model role,lab animal model for vaccine study objective,rinderpest virus,NCBITaxon:11241,,,A ferret animal model that is used for rearch of vaccine against rinderpest virus.,Oliver He|Jie Zheng|Leo Yeh,https://violinet.org/vaxquery/query_detail.php?c_pathogen_id=285#Vaccine_Information
OLAS:0000295,Bovine Respiratory Syncytial Virus vaccine cattle animal model,vaccine animal model,cattle animal model,cattle,,laboratory animal model role,lab animal model for vaccine study objective,Bovine Respiratory Syncytial Virus,NCBITaxon:11246,,,A cattle animal model that is used for rearch of vaccine against Bovine Respiratory Syncytial Virus.,Oliver He|Jie Zheng|Leo Yeh,https://violinet.org/vaxquery/query_detail.php?c_pathogen_id=143#Vaccine_Information
OLAS:0000296,Human Respiratory Syncytial Virus vaccine hamster animal model,vaccine animal model,hamster animal model,hamster,,laboratory animal model role,lab animal model for vaccine study objective,Human Respiratory Syncytial Virus,NCBITaxon:11250,,,A hamster animal model that is used for rearch of vaccine against Human Respiratory Syncytial Virus.,Oliver He|Jie Zheng|Leo Yeh,https://violinet.org/vaxquery/query_detail.php?c_pathogen_id=212#Vaccine_Information
OLAS:0000299,Human Respiratory Syncytial Virus vaccine monkey animal model,vaccine animal model,monkey animal model,monkey,,laboratory animal model role,lab animal model for vaccine study objective,Human Respiratory Syncytial Virus,NCBITaxon:11250,,,A monkey animal model that is used for rearch of vaccine against Human Respiratory Syncytial Virus.,Oliver He|Jie Zheng|Leo Yeh,https://violinet.org/vaxquery/query_detail.php?c_pathogen_id=212#Vaccine_Information
OLAS:0000297,Human Respiratory Syncytial Virus vaccine mouse animal model,vaccine animal model,mouse animal model,mouse,,laboratory animal model role,lab animal model for vaccine study objective,Human Respiratory Syncytial Virus,NCBITaxon:11250,,,A mouse animal model that is used for rearch of vaccine against Human Respiratory Syncytial Virus.,Oliver He|Jie Zheng|Leo Yeh,https://violinet.org/vaxquery/query_detail.php?c_pathogen_id=212#Vaccine_Information
OLAS:0000298,Human Respiratory Syncytial Virus vaccine rat animal model,vaccine animal model,rat animal model,rat,,laboratory animal model role,lab animal model for vaccine study objective,Human Respiratory Syncytial Virus,NCBITaxon:11250,,,A rat animal model that is used for rearch of vaccine against Human Respiratory Syncytial Virus.,Oliver He|Jie Zheng|Leo Yeh,https://violinet.org/vaxquery/query_detail.php?c_pathogen_id=212#Vaccine_Information
OLAS:0000300,Viral haemorrhagic septicaemia virus vaccine fish animal model,vaccine animal model,fish animal model,fish,,laboratory animal model role,lab animal model for vaccine study objective,Viral haemorrhagic septicaemia virus,NCBITaxon:11287,,,A fish animal model that is used for rearch of vaccine against Viral haemorrhagic septicaemia virus.,Oliver He|Jie Zheng|Leo Yeh,https://violinet.org/vaxquery/query_detail.php?c_pathogen_id=230#Vaccine_Information
OLAS:0000301,Viral haemorrhagic septicaemia virus vaccine rainbow trout animal model,vaccine animal model,rainbow trout animal model,rainbow trout,,laboratory animal model role,lab animal model for vaccine study objective,Viral haemorrhagic septicaemia virus,NCBITaxon:11287,,,A rainbow trout animal model that is used for rearch of vaccine against Viral haemorrhagic septicaemia virus.,Oliver He|Jie Zheng|Leo Yeh,https://violinet.org/vaxquery/query_detail.php?c_pathogen_id=230#Vaccine_Information
OLAS:0000302,Infectious Hematopoietic Necrosis Virus vaccine fish animal model,vaccine animal model,fish animal model,fish,,laboratory animal model role,lab animal model for vaccine study objective,Infectious Hematopoietic Necrosis Virus,NCBITaxon:11290,,,A fish animal model that is used for rearch of vaccine against Infectious Hematopoietic Necrosis Virus.,Oliver He|Jie Zheng|Leo Yeh,https://violinet.org/vaxquery/query_detail.php?c_pathogen_id=75#Vaccine_Information
OLAS:0000303,Infectious Hematopoietic Necrosis Virus vaccine rainbow trout animal model,vaccine animal model,rainbow trout animal model,rainbow trout,,laboratory animal model role,lab animal model for vaccine study objective,Infectious Hematopoietic Necrosis Virus,NCBITaxon:11290,,,A rainbow trout animal model that is used for rearch of vaccine against Infectious Hematopoietic Necrosis Virus.,Oliver He|Jie Zheng|Leo Yeh,https://violinet.org/vaxquery/query_detail.php?c_pathogen_id=75#Vaccine_Information
OLAS:0000307,Rabies virus vaccine cat animal model,vaccine animal model,cat animal model,cat,,laboratory animal model role,lab animal model for vaccine study objective,Rabies virus,NCBITaxon:11292,,,A cat animal model that is used for rearch of vaccine against Rabies virus.,Oliver He|Jie Zheng|Leo Yeh,https://violinet.org/vaxquery/query_detail.php?c_pathogen_id=56#Vaccine_Information
OLAS:0000304,Rabies virus vaccine hamster animal model,vaccine animal model,hamster animal model,hamster,,laboratory animal model role,lab animal model for vaccine study objective,Rabies virus,NCBITaxon:11292,,,A hamster animal model that is used for rearch of vaccine against Rabies virus.,Oliver He|Jie Zheng|Leo Yeh,https://violinet.org/vaxquery/query_detail.php?c_pathogen_id=56#Vaccine_Information
OLAS:0000306,Rabies virus vaccine monkey animal model,vaccine animal model,monkey animal model,monkey,,laboratory animal model role,lab animal model for vaccine study objective,Rabies virus,NCBITaxon:11292,,,A monkey animal model that is used for rearch of vaccine against Rabies virus.,Oliver He|Jie Zheng|Leo Yeh,https://violinet.org/vaxquery/query_detail.php?c_pathogen_id=56#Vaccine_Information
OLAS:0000305,Rabies virus vaccine mouse animal model,vaccine animal model,mouse animal model,mouse,,laboratory animal model role,lab animal model for vaccine study objective,Rabies virus,NCBITaxon:11292,,,A mouse animal model that is used for rearch of vaccine against Rabies virus.,Oliver He|Jie Zheng|Leo Yeh,https://violinet.org/vaxquery/query_detail.php?c_pathogen_id=56#Vaccine_Information
OLAS:0000311,Influenza virus vaccine chicken animal model,vaccine animal model,chicken animal model,chicken,,laboratory animal model role,lab animal model for vaccine study objective,Influenza virus,NCBITaxon:11309,,,A chicken animal model that is used for rearch of vaccine against Influenza virus.,Oliver He|Jie Zheng|Leo Yeh,https://violinet.org/vaxquery/query_detail.php?c_pathogen_id=50#Vaccine_Information
OLAS:0000310,Influenza virus vaccine ducks animal model,vaccine animal model,ducks animal model,ducks,,laboratory animal model role,lab animal model for vaccine study objective,Influenza virus,NCBITaxon:11309,,,A ducks animal model that is used for rearch of vaccine against Influenza virus.,Oliver He|Jie Zheng|Leo Yeh,https://violinet.org/vaxquery/query_detail.php?c_pathogen_id=50#Vaccine_Information
OLAS:0000313,Influenza virus vaccine ferret animal model,vaccine animal model,ferret animal model,ferret,,laboratory animal model role,lab animal model for vaccine study objective,Influenza virus,NCBITaxon:11309,,,A ferret animal model that is used for rearch of vaccine against Influenza virus.,Oliver He|Jie Zheng|Leo Yeh,https://violinet.org/vaxquery/query_detail.php?c_pathogen_id=50#Vaccine_Information
OLAS:0000309,Influenza virus vaccine guinea pig animal model,vaccine animal model,guinea pig animal model,guinea pig,,laboratory animal model role,lab animal model for vaccine study objective,Influenza virus,NCBITaxon:11309,,,A guinea pig animal model that is used for rearch of vaccine against Influenza virus.,Oliver He|Jie Zheng|Leo Yeh,https://violinet.org/vaxquery/query_detail.php?c_pathogen_id=50#Vaccine_Information
OLAS:0000314,Influenza virus vaccine horse animal model,vaccine animal model,horse animal model,horse,,laboratory animal model role,lab animal model for vaccine study objective,Influenza virus,NCBITaxon:11309,,,A horse animal model that is used for rearch of vaccine against Influenza virus.,Oliver He|Jie Zheng|Leo Yeh,https://violinet.org/vaxquery/query_detail.php?c_pathogen_id=50#Vaccine_Information
OLAS:0000312,Influenza virus vaccine macaque animal model,vaccine animal model,macaque animal model,macaque,,laboratory animal model role,lab animal model for vaccine study objective,Influenza virus,NCBITaxon:11309,,,A macaque animal model that is used for rearch of vaccine against Influenza virus.,Oliver He|Jie Zheng|Leo Yeh,https://violinet.org/vaxquery/query_detail.php?c_pathogen_id=50#Vaccine_Information
OLAS:0000308,Influenza virus vaccine mouse animal model,vaccine animal model,mouse animal model,mouse,,laboratory animal model role,lab animal model for vaccine study objective,Influenza virus,NCBITaxon:11309,,,A mouse animal model that is used for rearch of vaccine against Influenza virus.,Oliver He|Jie Zheng|Leo Yeh,https://violinet.org/vaxquery/query_detail.php?c_pathogen_id=50#Vaccine_Information
OLAS:0000315,Influenza virus vaccine pig animal model,vaccine animal model,pig animal model,pig,,laboratory animal model role,lab animal model for vaccine study objective,Influenza virus,NCBITaxon:11309,,,A pig animal model that is used for rearch of vaccine against Influenza virus.,Oliver He|Jie Zheng|Leo Yeh,https://violinet.org/vaxquery/query_detail.php?c_pathogen_id=50#Vaccine_Information
OLAS:0000316,Rift Valley Fever virus vaccine mouse animal model,vaccine animal model,mouse animal model,mouse,,laboratory animal model role,lab animal model for vaccine study objective,Rift Valley Fever virus,NCBITaxon:11588,,,A mouse animal model that is used for rearch of vaccine against Rift Valley Fever virus.,Oliver He|Jie Zheng|Leo Yeh,https://violinet.org/vaxquery/query_detail.php?c_pathogen_id=128#Vaccine_Information
OLAS:0000317,Rift Valley Fever virus vaccine sheep animal model,vaccine animal model,sheep animal model,sheep,,laboratory animal model role,lab animal model for vaccine study objective,Rift Valley Fever virus,NCBITaxon:11588,,,A sheep animal model that is used for rearch of vaccine against Rift Valley Fever virus.,Oliver He|Jie Zheng|Leo Yeh,https://violinet.org/vaxquery/query_detail.php?c_pathogen_id=128#Vaccine_Information
OLAS:0000319,Crimean-Congo Haemorrhagic Fever (CCHF) vaccine macaque animal model,vaccine animal model,macaque animal model,macaque,,laboratory animal model role,lab animal model for vaccine study objective,Crimean-Congo Haemorrhagic Fever (CCHF),NCBITaxon:1987017,,,A macaque animal model that is used for rearch of vaccine against Crimean-Congo Haemorrhagic Fever (CCHF).,Oliver He|Jie Zheng|Leo Yeh,https://violinet.org/vaxquery/query_detail.php?c_pathogen_id=277#Vaccine_Information
OLAS:0000318,Crimean-Congo Haemorrhagic Fever (CCHF) vaccine mouse animal model,vaccine animal model,mouse animal model,mouse,,laboratory animal model role,lab animal model for vaccine study objective,Crimean-Congo Haemorrhagic Fever (CCHF),NCBITaxon:1987017,,,A mouse animal model that is used for rearch of vaccine against Crimean-Congo Haemorrhagic Fever (CCHF).,Oliver He|Jie Zheng|Leo Yeh,https://violinet.org/vaxquery/query_detail.php?c_pathogen_id=277#Vaccine_Information
OLAS:0000320,Hantavirus vaccine hamster animal model,vaccine animal model,hamster animal model,hamster,,laboratory animal model role,lab animal model for vaccine study objective,Hantavirus,NCBITaxon:1980442,,,A hamster animal model that is used for rearch of vaccine against Hantavirus.,Oliver He|Jie Zheng|Leo Yeh,https://violinet.org/vaxquery/query_detail.php?c_pathogen_id=27#Vaccine_Information
OLAS:0000322,Hantavirus vaccine macaque animal model,vaccine animal model,macaque animal model,macaque,,laboratory animal model role,lab animal model for vaccine study objective,Hantavirus,NCBITaxon:1980442,,,A macaque animal model that is used for rearch of vaccine against Hantavirus.,Oliver He|Jie Zheng|Leo Yeh,https://violinet.org/vaxquery/query_detail.php?c_pathogen_id=27#Vaccine_Information
OLAS:0000321,Hantavirus vaccine mouse animal model,vaccine animal model,mouse animal model,mouse,,laboratory animal model role,lab animal model for vaccine study objective,Hantavirus,NCBITaxon:1980442,,,A mouse animal model that is used for rearch of vaccine against Hantavirus.,Oliver He|Jie Zheng|Leo Yeh,https://violinet.org/vaxquery/query_detail.php?c_pathogen_id=27#Vaccine_Information
OLAS:0000323,Lassa Fever Virus vaccine guinea pig animal model,vaccine animal model,guinea pig animal model,guinea pig,,laboratory animal model role,lab animal model for vaccine study objective,Lassa Fever Virus,NCBITaxon:3052310,,,A guinea pig animal model that is used for rearch of vaccine against Lassa Fever Virus.,Oliver He|Jie Zheng|Leo Yeh,https://violinet.org/vaxquery/query_detail.php?c_pathogen_id=17#Vaccine_Information
OLAS:0000325,Lassa Fever Virus vaccine macaque animal model,vaccine animal model,macaque animal model,macaque,,laboratory animal model role,lab animal model for vaccine study objective,Lassa Fever Virus,NCBITaxon:3052310,,,A macaque animal model that is used for rearch of vaccine against Lassa Fever Virus.,Oliver He|Jie Zheng|Leo Yeh,https://violinet.org/vaxquery/query_detail.php?c_pathogen_id=17#Vaccine_Information
OLAS:0000324,Lassa Fever Virus vaccine monkey animal model,vaccine animal model,monkey animal model,monkey,,laboratory animal model role,lab animal model for vaccine study objective,Lassa Fever Virus,NCBITaxon:3052310,,,A monkey animal model that is used for rearch of vaccine against Lassa Fever Virus.,Oliver He|Jie Zheng|Leo Yeh,https://violinet.org/vaxquery/query_detail.php?c_pathogen_id=17#Vaccine_Information
OLAS:0000326,Lymphocytic choriomeningitis virus vaccine mouse animal model,vaccine animal model,mouse animal model,mouse,,laboratory animal model role,lab animal model for vaccine study objective,Lymphocytic choriomeningitis virus,NCBITaxon:3052303,,,A mouse animal model that is used for rearch of vaccine against Lymphocytic choriomeningitis virus.,Oliver He|Jie Zheng|Leo Yeh,https://violinet.org/vaxquery/query_detail.php?c_pathogen_id=226#Vaccine_Information
OLAS:0000327,Reticuloendotheliosis Virus vaccine chicken animal model,vaccine animal model,chicken animal model,chicken,,laboratory animal model role,lab animal model for vaccine study objective,Reticuloendotheliosis Virus,NCBITaxon:11636,,,A chicken animal model that is used for rearch of vaccine against Reticuloendotheliosis Virus.,Oliver He|Jie Zheng|Leo Yeh,https://violinet.org/vaxquery/query_detail.php?c_pathogen_id=258#Vaccine_Information
OLAS:0000328,Feline immunodeficiency virus vaccine cat animal model,vaccine animal model,cat animal model,cat,,laboratory animal model role,lab animal model for vaccine study objective,Feline immunodeficiency virus,NCBITaxon:11673,,,A cat animal model that is used for rearch of vaccine against Feline immunodeficiency virus.,Oliver He|Jie Zheng|Leo Yeh,https://violinet.org/vaxquery/query_detail.php?c_pathogen_id=154#Vaccine_Information
OLAS:0000330,Simian Immunodeficiency Virus vaccine macaque animal model,vaccine animal model,macaque animal model,macaque,,laboratory animal model role,lab animal model for vaccine study objective,Simian Immunodeficiency Virus,NCBITaxon:11723,,,A macaque animal model that is used for rearch of vaccine against Simian Immunodeficiency Virus.,Oliver He|Jie Zheng|Leo Yeh,https://violinet.org/vaxquery/query_detail.php?c_pathogen_id=213#Vaccine_Information
OLAS:0000329,Simian Immunodeficiency Virus vaccine monkey animal model,vaccine animal model,monkey animal model,monkey,,laboratory animal model role,lab animal model for vaccine study objective,Simian Immunodeficiency Virus,NCBITaxon:11723,,,A monkey animal model that is used for rearch of vaccine against Simian Immunodeficiency Virus.,Oliver He|Jie Zheng|Leo Yeh,https://violinet.org/vaxquery/query_detail.php?c_pathogen_id=213#Vaccine_Information
OLAS:0000331,Feline leukemia virus vaccine cat animal model,vaccine animal model,cat animal model,cat,,laboratory animal model role,lab animal model for vaccine study objective,Feline leukemia virus,NCBITaxon:11768,,,A cat animal model that is used for rearch of vaccine against Feline leukemia virus.,Oliver He|Jie Zheng|Leo Yeh,https://violinet.org/vaxquery/query_detail.php?c_pathogen_id=71#Vaccine_Information
OLAS:0000332,Bovine Leukemia virus vaccine cattle animal model,vaccine animal model,cattle animal model,cattle,,laboratory animal model role,lab animal model for vaccine study objective,Bovine Leukemia virus,NCBITaxon:11901,,,A cattle animal model that is used for rearch of vaccine against Bovine Leukemia virus.,Oliver He|Jie Zheng|Leo Yeh,https://violinet.org/vaxquery/query_detail.php?c_pathogen_id=101#Vaccine_Information
OLAS:0000333,Bovine Leukemia virus vaccine sheep animal model,vaccine animal model,sheep animal model,sheep,,laboratory animal model role,lab animal model for vaccine study objective,Bovine Leukemia virus,NCBITaxon:11901,,,A sheep animal model that is used for rearch of vaccine against Bovine Leukemia virus.,Oliver He|Jie Zheng|Leo Yeh,https://violinet.org/vaxquery/query_detail.php?c_pathogen_id=101#Vaccine_Information
OLAS:0000334,Rabbit hemorrhagic disease virus vaccine rabbit animal model,vaccine animal model,rabbit animal model,rabbit,,laboratory animal model role,lab animal model for vaccine study objective,Rabbit hemorrhagic disease virus,NCBITaxon:11976,,,A rabbit animal model that is used for rearch of vaccine against Rabbit hemorrhagic disease virus.,Oliver He|Jie Zheng|Leo Yeh,https://violinet.org/vaxquery/query_detail.php?c_pathogen_id=257#Vaccine_Information
OLAS:0000335,Feline calicivirus vaccine cat animal model,vaccine animal model,cat animal model,cat,,laboratory animal model role,lab animal model for vaccine study objective,Feline calicivirus,NCBITaxon:11978,,,A cat animal model that is used for rearch of vaccine against Feline calicivirus.,Oliver He|Jie Zheng|Leo Yeh,https://violinet.org/vaxquery/query_detail.php?c_pathogen_id=153#Vaccine_Information
OLAS:0000336,Human coxsackievirus vaccine mouse animal model,vaccine animal model,mouse animal model,mouse,,laboratory animal model role,lab animal model for vaccine study objective,Human coxsackievirus,NCBITaxon:12066,,,A mouse animal model that is used for rearch of vaccine against Human coxsackievirus.,Oliver He|Jie Zheng|Leo Yeh,https://violinet.org/vaxquery/query_detail.php?c_pathogen_id=234#Vaccine_Information
OLAS:0000337,Hepatitis A virus vaccine chimpanzee animal model,vaccine animal model,chimpanzee animal model,chimpanzee,,laboratory animal model role,lab animal model for vaccine study objective,Hepatitis A virus,NCBITaxon:12092,,,A chimpanzee animal model that is used for rearch of vaccine against Hepatitis A virus.,Oliver He|Jie Zheng|Leo Yeh,https://violinet.org/vaxquery/query_detail.php?c_pathogen_id=48#Vaccine_Information
OLAS:0000338,Hepatitis A virus vaccine horse animal model,vaccine animal model,horse animal model,horse,,laboratory animal model role,lab animal model for vaccine study objective,Hepatitis A virus,NCBITaxon:12092,,,A horse animal model that is used for rearch of vaccine against Hepatitis A virus.,Oliver He|Jie Zheng|Leo Yeh,https://violinet.org/vaxquery/query_detail.php?c_pathogen_id=48#Vaccine_Information
OLAS:0000342,Foot-and-mouth disease virus vaccine cattle animal model,vaccine animal model,cattle animal model,cattle,,laboratory animal model role,lab animal model for vaccine study objective,Foot-and-mouth disease virus,NCBITaxon:12110,,,A cattle animal model that is used for rearch of vaccine against Foot-and-mouth disease virus.,Oliver He|Jie Zheng|Leo Yeh,https://violinet.org/vaxquery/query_detail.php?c_pathogen_id=206#Vaccine_Information
OLAS:0000340,Foot-and-mouth disease virus vaccine guinea pig animal model,vaccine animal model,guinea pig animal model,guinea pig,,laboratory animal model role,lab animal model for vaccine study objective,Foot-and-mouth disease virus,NCBITaxon:12110,,,A guinea pig animal model that is used for rearch of vaccine against Foot-and-mouth disease virus.,Oliver He|Jie Zheng|Leo Yeh,https://violinet.org/vaxquery/query_detail.php?c_pathogen_id=206#Vaccine_Information
OLAS:0000339,Foot-and-mouth disease virus vaccine mouse animal model,vaccine animal model,mouse animal model,mouse,,laboratory animal model role,lab animal model for vaccine study objective,Foot-and-mouth disease virus,NCBITaxon:12110,,,A mouse animal model that is used for rearch of vaccine against Foot-and-mouth disease virus.,Oliver He|Jie Zheng|Leo Yeh,https://violinet.org/vaxquery/query_detail.php?c_pathogen_id=206#Vaccine_Information
OLAS:0000341,Foot-and-mouth disease virus vaccine pig animal model,vaccine animal model,pig animal model,pig,,laboratory animal model role,lab animal model for vaccine study objective,Foot-and-mouth disease virus,NCBITaxon:12110,,,A pig animal model that is used for rearch of vaccine against Foot-and-mouth disease virus.,Oliver He|Jie Zheng|Leo Yeh,https://violinet.org/vaxquery/query_detail.php?c_pathogen_id=206#Vaccine_Information
OLAS:0000392,Nipah virus vaccine hamster animal model,vaccine animal model,hamster animal model,hamster,,laboratory animal model role,lab animal model for vaccine study objective,Nipah virus,NCBITaxon:3052225,,,A hamster animal model that is used for rearch of vaccine against Nipah virus.,Oliver He|Jie Zheng|Leo Yeh,https://violinet.org/vaxquery/query_detail.php?c_pathogen_id=127#Vaccine_Information
OLAS:0000393,Nipah virus vaccine monkey animal model,vaccine animal model,monkey animal model,monkey,,laboratory animal model role,lab animal model for vaccine study objective,Nipah virus,NCBITaxon:3052225,,,A monkey animal model that is used for rearch of vaccine against Nipah virus.,Oliver He|Jie Zheng|Leo Yeh,https://violinet.org/vaxquery/query_detail.php?c_pathogen_id=127#Vaccine_Information
OLAS:0000394,Nipah virus vaccine pig animal model,vaccine animal model,pig animal model,pig,,laboratory animal model role,lab animal model for vaccine study objective,Nipah virus,NCBITaxon:3052225,,,A pig animal model that is used for rearch of vaccine against Nipah virus.,Oliver He|Jie Zheng|Leo Yeh,https://violinet.org/vaxquery/query_detail.php?c_pathogen_id=127#Vaccine_Information
OLAS:0000343,Borna disease virus vaccine mouse animal model,vaccine animal model,mouse animal model,mouse,,laboratory animal model role,lab animal model for vaccine study objective,Borna disease virus,NCBITaxon:12455,,,A mouse animal model that is used for rearch of vaccine against Borna disease virus.,Oliver He|Jie Zheng|Leo Yeh,https://violinet.org/vaxquery/query_detail.php?c_pathogen_id=286#Vaccine_Information
OLAS:0000344,Borna disease virus vaccine rat animal model,vaccine animal model,rat animal model,rat,,laboratory animal model role,lab animal model for vaccine study objective,Borna disease virus,NCBITaxon:12455,,,A rat animal model that is used for rearch of vaccine against Borna disease virus.,Oliver He|Jie Zheng|Leo Yeh,https://violinet.org/vaxquery/query_detail.php?c_pathogen_id=286#Vaccine_Information
OLAS:0000345,Hepatitis E virus vaccine mouse animal model,vaccine animal model,mouse animal model,mouse,,laboratory animal model role,lab animal model for vaccine study objective,Hepatitis E virus,NCBITaxon:1678143,,,A mouse animal model that is used for rearch of vaccine against Hepatitis E virus.,Oliver He|Jie Zheng|Leo Yeh,https://violinet.org/vaxquery/query_detail.php?c_pathogen_id=232#Vaccine_Information
OLAS:0000346,Chicken Anemia Virus vaccine chicken animal model,vaccine animal model,chicken animal model,chicken,,laboratory animal model role,lab animal model for vaccine study objective,Chicken Anemia Virus,NCBITaxon:12618,,,A chicken animal model that is used for rearch of vaccine against Chicken Anemia Virus.,Oliver He|Jie Zheng|Leo Yeh,https://violinet.org/vaxquery/query_detail.php?c_pathogen_id=150#Vaccine_Information
OLAS:0000349,Dengue Virus vaccine macaque animal model,vaccine animal model,macaque animal model,macaque,,laboratory animal model role,lab animal model for vaccine study objective,Dengue Virus,NCBITaxon:12637,,,A macaque animal model that is used for rearch of vaccine against Dengue Virus.,Oliver He|Jie Zheng|Leo Yeh,https://violinet.org/vaxquery/query_detail.php?c_pathogen_id=126#Vaccine_Information
OLAS:0000348,Dengue Virus vaccine monkey animal model,vaccine animal model,monkey animal model,monkey,,laboratory animal model role,lab animal model for vaccine study objective,Dengue Virus,NCBITaxon:12637,,,A monkey animal model that is used for rearch of vaccine against Dengue Virus.,Oliver He|Jie Zheng|Leo Yeh,https://violinet.org/vaxquery/query_detail.php?c_pathogen_id=126#Vaccine_Information
OLAS:0000347,Dengue Virus vaccine mouse animal model,vaccine animal model,mouse animal model,mouse,,laboratory animal model role,lab animal model for vaccine study objective,Dengue Virus,NCBITaxon:12637,,,A mouse animal model that is used for rearch of vaccine against Dengue Virus.,Oliver He|Jie Zheng|Leo Yeh,https://violinet.org/vaxquery/query_detail.php?c_pathogen_id=126#Vaccine_Information
OLAS:0000356,Human Immunodeficiency Virus vaccine chimpanzee animal model,vaccine animal model,chimpanzee animal model,chimpanzee,,laboratory animal model role,lab animal model for vaccine study objective,Human Immunodeficiency Virus,NCBITaxon:12721,,,A chimpanzee animal model that is used for rearch of vaccine against Human Immunodeficiency Virus.,Oliver He|Jie Zheng|Leo Yeh,https://violinet.org/vaxquery/query_detail.php?c_pathogen_id=26#Vaccine_Information
OLAS:0000353,Human Immunodeficiency Virus vaccine guinea pig animal model,vaccine animal model,guinea pig animal model,guinea pig,,laboratory animal model role,lab animal model for vaccine study objective,Human Immunodeficiency Virus,NCBITaxon:12721,,,A guinea pig animal model that is used for rearch of vaccine against Human Immunodeficiency Virus.,Oliver He|Jie Zheng|Leo Yeh,https://violinet.org/vaxquery/query_detail.php?c_pathogen_id=26#Vaccine_Information
OLAS:0000350,Human Immunodeficiency Virus vaccine hamster animal model,vaccine animal model,hamster animal model,hamster,,laboratory animal model role,lab animal model for vaccine study objective,Human Immunodeficiency Virus,NCBITaxon:12721,,,A hamster animal model that is used for rearch of vaccine against Human Immunodeficiency Virus.,Oliver He|Jie Zheng|Leo Yeh,https://violinet.org/vaxquery/query_detail.php?c_pathogen_id=26#Vaccine_Information
OLAS:0000355,Human Immunodeficiency Virus vaccine macaque animal model,vaccine animal model,macaque animal model,macaque,,laboratory animal model role,lab animal model for vaccine study objective,Human Immunodeficiency Virus,NCBITaxon:12721,,,A macaque animal model that is used for rearch of vaccine against Human Immunodeficiency Virus.,Oliver He|Jie Zheng|Leo Yeh,https://violinet.org/vaxquery/query_detail.php?c_pathogen_id=26#Vaccine_Information
OLAS:0000354,Human Immunodeficiency Virus vaccine monkey animal model,vaccine animal model,monkey animal model,monkey,,laboratory animal model role,lab animal model for vaccine study objective,Human Immunodeficiency Virus,NCBITaxon:12721,,,A monkey animal model that is used for rearch of vaccine against Human Immunodeficiency Virus.,Oliver He|Jie Zheng|Leo Yeh,https://violinet.org/vaxquery/query_detail.php?c_pathogen_id=26#Vaccine_Information
OLAS:0000351,Human Immunodeficiency Virus vaccine mouse animal model,vaccine animal model,mouse animal model,mouse,,laboratory animal model role,lab animal model for vaccine study objective,Human Immunodeficiency Virus,NCBITaxon:12721,,,A mouse animal model that is used for rearch of vaccine against Human Immunodeficiency Virus.,Oliver He|Jie Zheng|Leo Yeh,https://violinet.org/vaxquery/query_detail.php?c_pathogen_id=26#Vaccine_Information
OLAS:0000357,Human Immunodeficiency Virus vaccine rabbit animal model,vaccine animal model,rabbit animal model,rabbit,,laboratory animal model role,lab animal model for vaccine study objective,Human Immunodeficiency Virus,NCBITaxon:12721,,,A rabbit animal model that is used for rearch of vaccine against Human Immunodeficiency Virus.,Oliver He|Jie Zheng|Leo Yeh,https://violinet.org/vaxquery/query_detail.php?c_pathogen_id=26#Vaccine_Information
OLAS:0000352,Human Immunodeficiency Virus vaccine rat animal model,vaccine animal model,rat animal model,rat,,laboratory animal model role,lab animal model for vaccine study objective,Human Immunodeficiency Virus,NCBITaxon:12721,,,A rat animal model that is used for rearch of vaccine against Human Immunodeficiency Virus.,Oliver He|Jie Zheng|Leo Yeh,https://violinet.org/vaxquery/query_detail.php?c_pathogen_id=26#Vaccine_Information
OLAS:0000163,Staphylococcus aureus vaccine mouse animal model,vaccine animal model,mouse animal model,mouse,,laboratory animal model role,lab animal model for vaccine study objective,Staphylococcus aureus,NCBITaxon:1280,,,A mouse animal model that is used for rearch of vaccine against Staphylococcus aureus.,Oliver He|Jie Zheng|Leo Yeh,https://violinet.org/vaxquery/query_detail.php?c_pathogen_id=138#Vaccine_Information
OLAS:0000164,Streptococcus suis vaccine mouse animal model,vaccine animal model,mouse animal model,mouse,,laboratory animal model role,lab animal model for vaccine study objective,Streptococcus suis,NCBITaxon:1307,,,A mouse animal model that is used for rearch of vaccine against Streptococcus suis.,Oliver He|Jie Zheng|Leo Yeh,https://violinet.org/vaxquery/query_detail.php?c_pathogen_id=273#Vaccine_Information
OLAS:0000165,Streptococcus agalactiae vaccine mouse animal model,vaccine animal model,mouse animal model,mouse,,laboratory animal model role,lab animal model for vaccine study objective,Streptococcus agalactiae,NCBITaxon:1311,,,A mouse animal model that is used for rearch of vaccine against Streptococcus agalactiae.,Oliver He|Jie Zheng|Leo Yeh,https://violinet.org/vaxquery/query_detail.php?c_pathogen_id=139#Vaccine_Information
OLAS:0000166,Streptococcus pneumoniae vaccine mouse animal model,vaccine animal model,mouse animal model,mouse,,laboratory animal model role,lab animal model for vaccine study objective,Streptococcus pneumoniae,NCBITaxon:1313,,,A mouse animal model that is used for rearch of vaccine against Streptococcus pneumoniae.,Oliver He|Jie Zheng|Leo Yeh,https://violinet.org/vaxquery/query_detail.php?c_pathogen_id=47#Vaccine_Information
OLAS:0000167,Streptococcus pyogenes vaccine mouse animal model,vaccine animal model,mouse animal model,mouse,,laboratory animal model role,lab animal model for vaccine study objective,Streptococcus pyogenes,NCBITaxon:1314,,,A mouse animal model that is used for rearch of vaccine against Streptococcus pyogenes.,Oliver He|Jie Zheng|Leo Yeh,https://violinet.org/vaxquery/query_detail.php?c_pathogen_id=140#Vaccine_Information
OLAS:0000416,MERS-CoV vaccine macaque animal model,vaccine animal model,macaque animal model,macaque,,laboratory animal model role,lab animal model for vaccine study objective,MERS-CoV,NCBITaxon:1335626,,,A macaque animal model that is used for rearch of vaccine against MERS-CoV.,Oliver He|Jie Zheng|Leo Yeh,https://violinet.org/vaxquery/query_detail.php?c_pathogen_id=319#Vaccine_Information
OLAS:0000415,MERS-CoV vaccine mouse animal model,vaccine animal model,mouse animal model,mouse,,laboratory animal model role,lab animal model for vaccine study objective,MERS-CoV,NCBITaxon:1335626,,,A mouse animal model that is used for rearch of vaccine against MERS-CoV.,Oliver He|Jie Zheng|Leo Yeh,https://violinet.org/vaxquery/query_detail.php?c_pathogen_id=319#Vaccine_Information
OLAS:0000168,Streptococcus equi vaccine mouse animal model,vaccine animal model,mouse animal model,mouse,,laboratory animal model role,lab animal model for vaccine study objective,Streptococcus equi,NCBITaxon:1336,,,A mouse animal model that is used for rearch of vaccine against Streptococcus equi.,Oliver He|Jie Zheng|Leo Yeh,https://violinet.org/vaxquery/query_detail.php?c_pathogen_id=81#Vaccine_Information
OLAS:0000111,Borrelia burgdorferi vaccine mouse animal model,vaccine animal model,mouse animal model,mouse,,laboratory animal model role,lab animal model for vaccine study objective,Borrelia burgdorferi,NCBITaxon:139,,,A mouse animal model that is used for rearch of vaccine against Borrelia burgdorferi.,Oliver He|Jie Zheng|Leo Yeh,https://violinet.org/vaxquery/query_detail.php?c_pathogen_id=135#Vaccine_Information
OLAS:0000170,Bacillus anthracis vaccine guinea pig animal model,vaccine animal model,guinea pig animal model,guinea pig,,laboratory animal model role,lab animal model for vaccine study objective,Bacillus anthracis,NCBITaxon:1392,,,A guinea pig animal model that is used for rearch of vaccine against Bacillus anthracis.,Oliver He|Jie Zheng|Leo Yeh,https://violinet.org/vaxquery/query_detail.php?c_pathogen_id=7#Vaccine_Information
OLAS:0000172,Bacillus anthracis vaccine macaque animal model,vaccine animal model,macaque animal model,macaque,,laboratory animal model role,lab animal model for vaccine study objective,Bacillus anthracis,NCBITaxon:1392,,,A macaque animal model that is used for rearch of vaccine against Bacillus anthracis.,Oliver He|Jie Zheng|Leo Yeh,https://violinet.org/vaxquery/query_detail.php?c_pathogen_id=7#Vaccine_Information
OLAS:0000171,Bacillus anthracis vaccine monkey animal model,vaccine animal model,monkey animal model,monkey,,laboratory animal model role,lab animal model for vaccine study objective,Bacillus anthracis,NCBITaxon:1392,,,A monkey animal model that is used for rearch of vaccine against Bacillus anthracis.,Oliver He|Jie Zheng|Leo Yeh,https://violinet.org/vaxquery/query_detail.php?c_pathogen_id=7#Vaccine_Information
OLAS:0000169,Bacillus anthracis vaccine mouse animal model,vaccine animal model,mouse animal model,mouse,,laboratory animal model role,lab animal model for vaccine study objective,Bacillus anthracis,NCBITaxon:1392,,,A mouse animal model that is used for rearch of vaccine against Bacillus anthracis.,Oliver He|Jie Zheng|Leo Yeh,https://violinet.org/vaxquery/query_detail.php?c_pathogen_id=7#Vaccine_Information
OLAS:0000173,Bacillus anthracis vaccine rabbit animal model,vaccine animal model,rabbit animal model,rabbit,,laboratory animal model role,lab animal model for vaccine study objective,Bacillus anthracis,NCBITaxon:1392,,,A rabbit animal model that is used for rearch of vaccine against Bacillus anthracis.,Oliver He|Jie Zheng|Leo Yeh,https://violinet.org/vaxquery/query_detail.php?c_pathogen_id=7#Vaccine_Information
OLAS:0000174,Clostridium tetani vaccine mouse animal model,vaccine animal model,mouse animal model,mouse,,laboratory animal model role,lab animal model for vaccine study objective,Clostridium tetani,NCBITaxon:1485,,,A mouse animal model that is used for rearch of vaccine against Clostridium tetani.,Oliver He|Jie Zheng|Leo Yeh,https://violinet.org/vaxquery/query_detail.php?c_pathogen_id=41#Vaccine_Information
OLAS:0000176,Clostridium botulinum  vaccine ducks animal model,vaccine animal model,ducks animal model,ducks,,laboratory animal model role,lab animal model for vaccine study objective,Clostridium botulinum ,NCBITaxon:1491,,,A ducks animal model that is used for rearch of vaccine against Clostridium botulinum .,Oliver He|Jie Zheng|Leo Yeh,https://violinet.org/vaxquery/query_detail.php?c_pathogen_id=14#Vaccine_Information
OLAS:0000177,Clostridium botulinum  vaccine monkey animal model,vaccine animal model,monkey animal model,monkey,,laboratory animal model role,lab animal model for vaccine study objective,Clostridium botulinum ,NCBITaxon:1491,,,A monkey animal model that is used for rearch of vaccine against Clostridium botulinum .,Oliver He|Jie Zheng|Leo Yeh,https://violinet.org/vaxquery/query_detail.php?c_pathogen_id=14#Vaccine_Information
OLAS:0000175,Clostridium botulinum  vaccine mouse animal model,vaccine animal model,mouse animal model,mouse,,laboratory animal model role,lab animal model for vaccine study objective,Clostridium botulinum ,NCBITaxon:1491,,,A mouse animal model that is used for rearch of vaccine against Clostridium botulinum .,Oliver He|Jie Zheng|Leo Yeh,https://violinet.org/vaxquery/query_detail.php?c_pathogen_id=14#Vaccine_Information
OLAS:0000112,Treponema pallidum vaccine guinea pig animal model,vaccine animal model,guinea pig animal model,guinea pig,,laboratory animal model role,lab animal model for vaccine study objective,Treponema pallidum,NCBITaxon:160,,,A guinea pig animal model that is used for rearch of vaccine against Treponema pallidum.,Oliver He|Jie Zheng|Leo Yeh,https://violinet.org/vaxquery/query_detail.php?c_pathogen_id=141#Vaccine_Information
OLAS:0000113,Treponema pallidum vaccine rabbit animal model,vaccine animal model,rabbit animal model,rabbit,,laboratory animal model role,lab animal model for vaccine study objective,Treponema pallidum,NCBITaxon:160,,,A rabbit animal model that is used for rearch of vaccine against Treponema pallidum.,Oliver He|Jie Zheng|Leo Yeh,https://violinet.org/vaxquery/query_detail.php?c_pathogen_id=141#Vaccine_Information
OLAS:0000397,Human metapneumovirus vaccine monkey animal model,vaccine animal model,monkey animal model,monkey,,laboratory animal model role,lab animal model for vaccine study objective,Human metapneumovirus,NCBITaxon:162145,,,A monkey animal model that is used for rearch of vaccine against Human metapneumovirus.,Oliver He|Jie Zheng|Leo Yeh,https://violinet.org/vaxquery/query_detail.php?c_pathogen_id=210#Vaccine_Information
OLAS:0000395,Human metapneumovirus vaccine mouse animal model,vaccine animal model,mouse animal model,mouse,,laboratory animal model role,lab animal model for vaccine study objective,Human metapneumovirus,NCBITaxon:162145,,,A mouse animal model that is used for rearch of vaccine against Human metapneumovirus.,Oliver He|Jie Zheng|Leo Yeh,https://violinet.org/vaxquery/query_detail.php?c_pathogen_id=210#Vaccine_Information
OLAS:0000396,Human metapneumovirus vaccine turkey animal model,vaccine animal model,turkey animal model,turkey,,laboratory animal model role,lab animal model for vaccine study objective,Human metapneumovirus,NCBITaxon:162145,,,A turkey animal model that is used for rearch of vaccine against Human metapneumovirus.,Oliver He|Jie Zheng|Leo Yeh,https://violinet.org/vaxquery/query_detail.php?c_pathogen_id=210#Vaccine_Information
OLAS:0000178,Listeria monocytogenes vaccine mouse animal model,vaccine animal model,mouse animal model,mouse,,laboratory animal model role,lab animal model for vaccine study objective,Listeria monocytogenes,NCBITaxon:1639,,,A mouse animal model that is used for rearch of vaccine against Listeria monocytogenes.,Oliver He|Jie Zheng|Leo Yeh,https://violinet.org/vaxquery/query_detail.php?c_pathogen_id=136#Vaccine_Information
OLAS:0000179,Erysipelothrix rhusiopathiae vaccine mouse animal model,vaccine animal model,mouse animal model,mouse,,laboratory animal model role,lab animal model for vaccine study objective,Erysipelothrix rhusiopathiae,NCBITaxon:1648,,,A mouse animal model that is used for rearch of vaccine against Erysipelothrix rhusiopathiae.,Oliver He|Jie Zheng|Leo Yeh,https://violinet.org/vaxquery/query_detail.php?c_pathogen_id=152#Vaccine_Information
OLAS:0000114,Leptospira vaccine hamster animal model,vaccine animal model,hamster animal model,hamster,,laboratory animal model role,lab animal model for vaccine study objective,Leptospira,NCBITaxon:171,,,A hamster animal model that is used for rearch of vaccine against Leptospira.,Oliver He|Jie Zheng|Leo Yeh,https://violinet.org/vaxquery/query_detail.php?c_pathogen_id=195#Vaccine_Information
OLAS:0000181,Mycobacterium avium vaccine cattle animal model,vaccine animal model,cattle animal model,cattle,,laboratory animal model role,lab animal model for vaccine study objective,Mycobacterium avium,NCBITaxon:1764,,,A cattle animal model that is used for rearch of vaccine against Mycobacterium avium.,Oliver He|Jie Zheng|Leo Yeh,https://violinet.org/vaxquery/query_detail.php?c_pathogen_id=119#Vaccine_Information
OLAS:0000182,Mycobacterium avium vaccine goat animal model,vaccine animal model,goat animal model,goat,,laboratory animal model role,lab animal model for vaccine study objective,Mycobacterium avium,NCBITaxon:1764,,,A goat animal model that is used for rearch of vaccine against Mycobacterium avium.,Oliver He|Jie Zheng|Leo Yeh,https://violinet.org/vaxquery/query_detail.php?c_pathogen_id=119#Vaccine_Information
OLAS:0000180,Mycobacterium avium vaccine mouse animal model,vaccine animal model,mouse animal model,mouse,,laboratory animal model role,lab animal model for vaccine study objective,Mycobacterium avium,NCBITaxon:1764,,,A mouse animal model that is used for rearch of vaccine against Mycobacterium avium.,Oliver He|Jie Zheng|Leo Yeh,https://violinet.org/vaxquery/query_detail.php?c_pathogen_id=119#Vaccine_Information
OLAS:0000184,Mycobacterium bovis vaccine cattle animal model,vaccine animal model,cattle animal model,cattle,,laboratory animal model role,lab animal model for vaccine study objective,Mycobacterium bovis,NCBITaxon:1765,,,A cattle animal model that is used for rearch of vaccine against Mycobacterium bovis.,Oliver He|Jie Zheng|Leo Yeh,https://violinet.org/vaxquery/query_detail.php?c_pathogen_id=290#Vaccine_Information
OLAS:0000183,Mycobacterium bovis vaccine mouse animal model,vaccine animal model,mouse animal model,mouse,,laboratory animal model role,lab animal model for vaccine study objective,Mycobacterium bovis,NCBITaxon:1765,,,A mouse animal model that is used for rearch of vaccine against Mycobacterium bovis.,Oliver He|Jie Zheng|Leo Yeh,https://violinet.org/vaxquery/query_detail.php?c_pathogen_id=290#Vaccine_Information
OLAS:0000189,Mycobacterium tuberculosis vaccine cattle animal model,vaccine animal model,cattle animal model,cattle,,laboratory animal model role,lab animal model for vaccine study objective,Mycobacterium tuberculosis,NCBITaxon:1773,,,A cattle animal model that is used for rearch of vaccine against Mycobacterium tuberculosis.,Oliver He|Jie Zheng|Leo Yeh,https://violinet.org/vaxquery/query_detail.php?c_pathogen_id=29#Vaccine_Information
OLAS:0000187,Mycobacterium tuberculosis vaccine guinea pig animal model,vaccine animal model,guinea pig animal model,guinea pig,,laboratory animal model role,lab animal model for vaccine study objective,Mycobacterium tuberculosis,NCBITaxon:1773,,,A guinea pig animal model that is used for rearch of vaccine against Mycobacterium tuberculosis.,Oliver He|Jie Zheng|Leo Yeh,https://violinet.org/vaxquery/query_detail.php?c_pathogen_id=29#Vaccine_Information
OLAS:0000188,Mycobacterium tuberculosis vaccine macaque animal model,vaccine animal model,macaque animal model,macaque,,laboratory animal model role,lab animal model for vaccine study objective,Mycobacterium tuberculosis,NCBITaxon:1773,,,A macaque animal model that is used for rearch of vaccine against Mycobacterium tuberculosis.,Oliver He|Jie Zheng|Leo Yeh,https://violinet.org/vaxquery/query_detail.php?c_pathogen_id=29#Vaccine_Information
OLAS:0000185,Mycobacterium tuberculosis vaccine mouse animal model,vaccine animal model,mouse animal model,mouse,,laboratory animal model role,lab animal model for vaccine study objective,Mycobacterium tuberculosis,NCBITaxon:1773,,,A mouse animal model that is used for rearch of vaccine against Mycobacterium tuberculosis.,Oliver He|Jie Zheng|Leo Yeh,https://violinet.org/vaxquery/query_detail.php?c_pathogen_id=29#Vaccine_Information
OLAS:0000190,Mycobacterium tuberculosis vaccine rabbit animal model,vaccine animal model,rabbit animal model,rabbit,,laboratory animal model role,lab animal model for vaccine study objective,Mycobacterium tuberculosis,NCBITaxon:1773,,,A rabbit animal model that is used for rearch of vaccine against Mycobacterium tuberculosis.,Oliver He|Jie Zheng|Leo Yeh,https://violinet.org/vaxquery/query_detail.php?c_pathogen_id=29#Vaccine_Information
OLAS:0000186,Mycobacterium tuberculosis vaccine rat animal model,vaccine animal model,rat animal model,rat,,laboratory animal model role,lab animal model for vaccine study objective,Mycobacterium tuberculosis,NCBITaxon:1773,,,A rat animal model that is used for rearch of vaccine against Mycobacterium tuberculosis.,Oliver He|Jie Zheng|Leo Yeh,https://violinet.org/vaxquery/query_detail.php?c_pathogen_id=29#Vaccine_Information
OLAS:0000191,Mycobacterium marinum vaccine fish animal model,vaccine animal model,fish animal model,fish,,laboratory animal model role,lab animal model for vaccine study objective,Mycobacterium marinum,NCBITaxon:1781,,,A fish animal model that is used for rearch of vaccine against Mycobacterium marinum.,Oliver He|Jie Zheng|Leo Yeh,https://violinet.org/vaxquery/query_detail.php?c_pathogen_id=246#Vaccine_Information
OLAS:0000399,Marburg virus vaccine guinea pig animal model,vaccine animal model,guinea pig animal model,guinea pig,,laboratory animal model role,lab animal model for vaccine study objective,Marburg virus,NCBITaxon:186537,,,A guinea pig animal model that is used for rearch of vaccine against Marburg virus.,Oliver He|Jie Zheng|Leo Yeh,https://violinet.org/vaxquery/query_detail.php?c_pathogen_id=28#Vaccine_Information
OLAS:0000401,Marburg Virus vaccine macaque animal model,vaccine animal model,macaque animal model,macaque,,laboratory animal model role,lab animal model for vaccine study objective,Marburg Virus,NCBITaxon:186537,,,A macaque animal model that is used for rearch of vaccine against Marburg Virus.,Oliver He|Jie Zheng|Leo Yeh,https://violinet.org/vaxquery/query_detail.php?c_pathogen_id=28#Vaccine_Information
OLAS:0000400,Marburg Virus vaccine monkey animal model,vaccine animal model,monkey animal model,monkey,,laboratory animal model role,lab animal model for vaccine study objective,Marburg Virus,NCBITaxon:186537,,,A monkey animal model that is used for rearch of vaccine against Marburg Virus.,Oliver He|Jie Zheng|Leo Yeh,https://violinet.org/vaxquery/query_detail.php?c_pathogen_id=28#Vaccine_Information
OLAS:0000398,Marburg Virus vaccine mouse animal model,vaccine animal model,mouse animal model,mouse,,laboratory animal model role,lab animal model for vaccine study objective,Marburg Virus,NCBITaxon:186537,,,A mouse animal model that is used for rearch of vaccine against Marburg Virus.,Oliver He|Jie Zheng|Leo Yeh,https://violinet.org/vaxquery/query_detail.php?c_pathogen_id=28#Vaccine_Information
OLAS:0000116,Campylobacter jejuni vaccine chicken animal model,vaccine animal model,chicken animal model,chicken,,laboratory animal model role,lab animal model for vaccine study objective,Campylobacter jejuni,NCBITaxon:197,,,A chicken animal model that is used for rearch of vaccine against Campylobacter jejuni.,Oliver He|Jie Zheng|Leo Yeh,https://violinet.org/vaxquery/query_detail.php?c_pathogen_id=24#Vaccine_Information
OLAS:0000117,Campylobacter jejuni vaccine ferret animal model,vaccine animal model,ferret animal model,ferret,,laboratory animal model role,lab animal model for vaccine study objective,Campylobacter jejuni,NCBITaxon:197,,,A ferret animal model that is used for rearch of vaccine against Campylobacter jejuni.,Oliver He|Jie Zheng|Leo Yeh,https://violinet.org/vaxquery/query_detail.php?c_pathogen_id=24#Vaccine_Information
OLAS:0000115,Campylobacter jejuni vaccine mouse animal model,vaccine animal model,mouse animal model,mouse,,laboratory animal model role,lab animal model for vaccine study objective,Campylobacter jejuni,NCBITaxon:197,,,A mouse animal model that is used for rearch of vaccine against Campylobacter jejuni.,Oliver He|Jie Zheng|Leo Yeh,https://violinet.org/vaxquery/query_detail.php?c_pathogen_id=24#Vaccine_Information
OLAS:0000403,Ebola virus vaccine guinea pig animal model,vaccine animal model,guinea pig animal model,guinea pig,,laboratory animal model role,lab animal model for vaccine study objective,Ebola virus,NCBITaxon:205488,,,A guinea pig animal model that is used for rearch of vaccine against Ebola virus.,Oliver He|Jie Zheng|Leo Yeh,https://violinet.org/vaxquery/query_detail.php?c_pathogen_id=13#Vaccine_Information
OLAS:0000405,Ebola virus vaccine macaque animal model,vaccine animal model,macaque animal model,macaque,,laboratory animal model role,lab animal model for vaccine study objective,Ebola virus,NCBITaxon:205488,,,A macaque animal model that is used for rearch of vaccine against Ebola virus.,Oliver He|Jie Zheng|Leo Yeh,https://violinet.org/vaxquery/query_detail.php?c_pathogen_id=13#Vaccine_Information
OLAS:0000404,Ebola virus vaccine monkey animal model,vaccine animal model,monkey animal model,monkey,,laboratory animal model role,lab animal model for vaccine study objective,Ebola virus,NCBITaxon:205488,,,A monkey animal model that is used for rearch of vaccine against Ebola virus.,Oliver He|Jie Zheng|Leo Yeh,https://violinet.org/vaxquery/query_detail.php?c_pathogen_id=13#Vaccine_Information
OLAS:0000402,Ebola virus vaccine mouse animal model,vaccine animal model,mouse animal model,mouse,,laboratory animal model role,lab animal model for vaccine study objective,Ebola virus,NCBITaxon:205488,,,A mouse animal model that is used for rearch of vaccine against Ebola virus.,Oliver He|Jie Zheng|Leo Yeh,https://violinet.org/vaxquery/query_detail.php?c_pathogen_id=13#Vaccine_Information
OLAS:0000192,Mycoplasma gallisepticum vaccine chicken animal model,vaccine animal model,chicken animal model,chicken,,laboratory animal model role,lab animal model for vaccine study objective,Mycoplasma gallisepticum,NCBITaxon:2096,,,A chicken animal model that is used for rearch of vaccine against Mycoplasma gallisepticum.,Oliver He|Jie Zheng|Leo Yeh,https://violinet.org/vaxquery/query_detail.php?c_pathogen_id=84#Vaccine_Information
OLAS:0000193,Mycoplasma hyopneumoniae vaccine pig animal model,vaccine animal model,pig animal model,pig,,laboratory animal model role,lab animal model for vaccine study objective,Mycoplasma hyopneumoniae,NCBITaxon:2099,,,A pig animal model that is used for rearch of vaccine against Mycoplasma hyopneumoniae.,Oliver He|Jie Zheng|Leo Yeh,https://violinet.org/vaxquery/query_detail.php?c_pathogen_id=200#Vaccine_Information
OLAS:0000118,Helicobacter pylori vaccine mouse animal model,vaccine animal model,mouse animal model,mouse,,laboratory animal model role,lab animal model for vaccine study objective,Helicobacter pylori,NCBITaxon:210,,,A mouse animal model that is used for rearch of vaccine against Helicobacter pylori.,Oliver He|Jie Zheng|Leo Yeh,https://violinet.org/vaxquery/query_detail.php?c_pathogen_id=134#Vaccine_Information
OLAS:0000120,Brucella vaccine cattle animal model,vaccine animal model,cattle animal model,cattle,,laboratory animal model role,lab animal model for vaccine study objective,Brucella,NCBITaxon:234,,,A cattle animal model that is used for rearch of vaccine against Brucella.,Oliver He|Jie Zheng|Leo Yeh,https://violinet.org/vaxquery/query_detail.php?c_pathogen_id=8#Vaccine_Information
OLAS:0000121,Brucella vaccine goat animal model,vaccine animal model,goat animal model,goat,,laboratory animal model role,lab animal model for vaccine study objective,Brucella,NCBITaxon:234,,,A goat animal model that is used for rearch of vaccine against Brucella.,Oliver He|Jie Zheng|Leo Yeh,https://violinet.org/vaxquery/query_detail.php?c_pathogen_id=8#Vaccine_Information
OLAS:0000119,Brucella vaccine mouse animal model,vaccine animal model,mouse animal model,mouse,,laboratory animal model role,lab animal model for vaccine study objective,Brucella,NCBITaxon:234,,,A mouse animal model that is used for rearch of vaccine against Brucella.,Oliver He|Jie Zheng|Leo Yeh,https://violinet.org/vaxquery/query_detail.php?c_pathogen_id=8#Vaccine_Information
OLAS:0000122,Brucella vaccine sheep animal model,vaccine animal model,sheep animal model,sheep,,laboratory animal model role,lab animal model for vaccine study objective,Brucella,NCBITaxon:234,,,A sheep animal model that is used for rearch of vaccine against Brucella.,Oliver He|Jie Zheng|Leo Yeh,https://violinet.org/vaxquery/query_detail.php?c_pathogen_id=8#Vaccine_Information
OLAS:0000406,Avian Paramyxovirus vaccine chicken animal model,vaccine animal model,chicken animal model,chicken,,laboratory animal model role,lab animal model for vaccine study objective,Avian Paramyxovirus,NCBITaxon:260963,,,A chicken animal model that is used for rearch of vaccine against Avian Paramyxovirus.,Oliver He|Jie Zheng|Leo Yeh,https://violinet.org/vaxquery/query_detail.php?c_pathogen_id=164#Vaccine_Information
OLAS:0000123,Francisella tularensis vaccine mouse animal model,vaccine animal model,mouse animal model,mouse,,laboratory animal model role,lab animal model for vaccine study objective,Francisella tularensis,NCBITaxon:263,,,A mouse animal model that is used for rearch of vaccine against Francisella tularensis.,Oliver He|Jie Zheng|Leo Yeh,https://violinet.org/vaxquery/query_detail.php?c_pathogen_id=12#Vaccine_Information
OLAS:0000417,SARS-CoV-2 vaccine hamster animal model,vaccine animal model,hamster animal model,hamster,,laboratory animal model role,lab animal model for vaccine study objective,SARS-CoV-2,NCBITaxon:2697049,,,A hamster animal model that is used for rearch of vaccine against SARS-CoV-2.,Oliver He|Jie Zheng|Leo Yeh,https://violinet.org/vaxquery/query_detail.php?c_pathogen_id=321#Vaccine_Information
OLAS:0000421,SARS-CoV-2 vaccine macaque animal model,vaccine animal model,macaque animal model,macaque,,laboratory animal model role,lab animal model for vaccine study objective,SARS-CoV-2,NCBITaxon:2697049,,,A macaque animal model that is used for rearch of vaccine against SARS-CoV-2.,Oliver He|Jie Zheng|Leo Yeh,https://violinet.org/vaxquery/query_detail.php?c_pathogen_id=321#Vaccine_Information
OLAS:0000420,SARS-CoV-2 vaccine monkey animal model,vaccine animal model,monkey animal model,monkey,,laboratory animal model role,lab animal model for vaccine study objective,SARS-CoV-2,NCBITaxon:2697049,,,A monkey animal model that is used for rearch of vaccine against SARS-CoV-2.,Oliver He|Jie Zheng|Leo Yeh,https://violinet.org/vaxquery/query_detail.php?c_pathogen_id=321#Vaccine_Information
OLAS:0000418,SARS-CoV-2 vaccine mouse animal model,vaccine animal model,mouse animal model,mouse,,laboratory animal model role,lab animal model for vaccine study objective,SARS-CoV-2,NCBITaxon:2697049,,,A mouse animal model that is used for rearch of vaccine against SARS-CoV-2.,Oliver He|Jie Zheng|Leo Yeh,https://violinet.org/vaxquery/query_detail.php?c_pathogen_id=321#Vaccine_Information
OLAS:0000419,SARS-CoV-2 vaccine rat animal model,vaccine animal model,rat animal model,rat,,laboratory animal model role,lab animal model for vaccine study objective,SARS-CoV-2,NCBITaxon:2697049,,,A rat animal model that is used for rearch of vaccine against SARS-CoV-2.,Oliver He|Jie Zheng|Leo Yeh,https://violinet.org/vaxquery/query_detail.php?c_pathogen_id=321#Vaccine_Information
OLAS:0000358,Porcine respiratory and reproductive syndrome virus vaccine pig animal model,vaccine animal model,pig animal model,pig,,laboratory animal model role,lab animal model for vaccine study objective,Porcine respiratory and reproductive syndrome virus,NCBITaxon:28344,,,A pig animal model that is used for rearch of vaccine against Porcine respiratory and reproductive syndrome virus.,Oliver He|Jie Zheng|Leo Yeh,https://violinet.org/vaxquery/query_detail.php?c_pathogen_id=183#Vaccine_Information
OLAS:0000359,Burkholderia pseudomallei vaccine mouse animal model,vaccine animal model,mouse animal model,mouse,,laboratory animal model role,lab animal model for vaccine study objective,Burkholderia pseudomallei,NCBITaxon:28450,,,A mouse animal model that is used for rearch of vaccine against Burkholderia pseudomallei.,Oliver He|Jie Zheng|Leo Yeh,https://violinet.org/vaxquery/query_detail.php?c_pathogen_id=121#Vaccine_Information
OLAS:0000124,Pseudomonas aeruginosa vaccine mouse animal model,vaccine animal model,mouse animal model,mouse,,laboratory animal model role,lab animal model for vaccine study objective,Pseudomonas aeruginosa,NCBITaxon:287,,,A mouse animal model that is used for rearch of vaccine against Pseudomonas aeruginosa.,Oliver He|Jie Zheng|Leo Yeh,https://violinet.org/vaxquery/query_detail.php?c_pathogen_id=137#Vaccine_Information
OLAS:0000360,Neospora caninum vaccine mouse animal model,vaccine animal model,mouse animal model,mouse,,laboratory animal model role,lab animal model for vaccine study objective,Neospora caninum,NCBITaxon:29176,,,A mouse animal model that is used for rearch of vaccine against Neospora caninum.,Oliver He|Jie Zheng|Leo Yeh,https://violinet.org/vaxquery/query_detail.php?c_pathogen_id=93#Vaccine_Information
OLAS:0000361,Yersinia ruckeri vaccine rainbow trout animal model,vaccine animal model,rainbow trout animal model,rainbow trout,,laboratory animal model role,lab animal model for vaccine study objective,Yersinia ruckeri,NCBITaxon:29486,,,A rainbow trout animal model that is used for rearch of vaccine against Yersinia ruckeri.,Oliver He|Jie Zheng|Leo Yeh,https://violinet.org/vaxquery/query_detail.php?c_pathogen_id=78#Vaccine_Information
OLAS:0000363,chikungunya virus vaccine macaque animal model,vaccine animal model,macaque animal model,macaque,,laboratory animal model role,lab animal model for vaccine study objective,chikungunya virus,NCBITaxon:37124,,,A macaque animal model that is used for rearch of vaccine against chikungunya virus.,Oliver He|Jie Zheng|Leo Yeh,https://violinet.org/vaxquery/query_detail.php?c_pathogen_id=278#Vaccine_Information
OLAS:0000362,chikungunya virus vaccine mouse animal model,vaccine animal model,mouse animal model,mouse,,laboratory animal model role,lab animal model for vaccine study objective,chikungunya virus,NCBITaxon:37124,,,A mouse animal model that is used for rearch of vaccine against chikungunya virus.,Oliver He|Jie Zheng|Leo Yeh,https://violinet.org/vaxquery/query_detail.php?c_pathogen_id=278#Vaccine_Information
OLAS:0000364,Hirame rhabdovirus vaccine fish animal model,vaccine animal model,fish animal model,fish,,laboratory animal model role,lab animal model for vaccine study objective,Hirame rhabdovirus,NCBITaxon:1980915,,,A fish animal model that is used for rearch of vaccine against Hirame rhabdovirus.,Oliver He|Jie Zheng|Leo Yeh,https://violinet.org/vaxquery/query_detail.php?c_pathogen_id=239#Vaccine_Information
OLAS:0000365,Avian Reovirus vaccine chicken animal model,vaccine animal model,chicken animal model,chicken,,laboratory animal model role,lab animal model for vaccine study objective,Avian Reovirus,NCBITaxon:38170,,,A chicken animal model that is used for rearch of vaccine against Avian Reovirus.,Oliver He|Jie Zheng|Leo Yeh,https://violinet.org/vaxquery/query_detail.php?c_pathogen_id=142#Vaccine_Information
OLAS:0000366,Avian pneumovirus vaccine turkey animal model,vaccine animal model,turkey animal model,turkey,,laboratory animal model role,lab animal model for vaccine study objective,Avian pneumovirus,NCBITaxon:38525,,,A turkey animal model that is used for rearch of vaccine against Avian pneumovirus.,Oliver He|Jie Zheng|Leo Yeh,https://violinet.org/vaxquery/query_detail.php?c_pathogen_id=167#Vaccine_Information
OLAS:0000407,Yersinia enterocolitica vaccine mouse animal model,vaccine animal model,mouse animal model,mouse,,laboratory animal model role,lab animal model for vaccine study objective,Yersinia enterocolitica,NCBITaxon:393305,,,A mouse animal model that is used for rearch of vaccine against Yersinia enterocolitica.,Oliver He|Jie Zheng|Leo Yeh,https://violinet.org/vaxquery/query_detail.php?c_pathogen_id=130#Vaccine_Information
OLAS:0000367,Caprine herpesvirus type 1 (CpHV-1) vaccine goat animal model,vaccine animal model,goat animal model,goat,,laboratory animal model role,lab animal model for vaccine study objective,Caprine herpesvirus type 1 (CpHV-1),NCBITaxon:39944,,,A goat animal model that is used for rearch of vaccine against Caprine herpesvirus type 1 (CpHV-1).,Oliver He|Jie Zheng|Leo Yeh,https://violinet.org/vaxquery/query_detail.php?c_pathogen_id=281#Vaccine_Information
OLAS:0000369,African horse sickness virus vaccine horse animal model,vaccine animal model,horse animal model,horse,,laboratory animal model role,lab animal model for vaccine study objective,African horse sickness virus,NCBITaxon:40050,,,A horse animal model that is used for rearch of vaccine against African horse sickness virus.,Oliver He|Jie Zheng|Leo Yeh,https://violinet.org/vaxquery/query_detail.php?c_pathogen_id=283#Vaccine_Information
OLAS:0000368,African horse sickness virus vaccine mouse animal model,vaccine animal model,mouse animal model,mouse,,laboratory animal model role,lab animal model for vaccine study objective,African horse sickness virus,NCBITaxon:40050,,,A mouse animal model that is used for rearch of vaccine against African horse sickness virus.,Oliver He|Jie Zheng|Leo Yeh,https://violinet.org/vaxquery/query_detail.php?c_pathogen_id=283#Vaccine_Information
OLAS:0000370,Bluetongue virus vaccine mouse animal model,vaccine animal model,mouse animal model,mouse,,laboratory animal model role,lab animal model for vaccine study objective,Bluetongue virus,NCBITaxon:40051,,,A mouse animal model that is used for rearch of vaccine against Bluetongue virus.,Oliver He|Jie Zheng|Leo Yeh,https://violinet.org/vaxquery/query_detail.php?c_pathogen_id=165#Vaccine_Information
OLAS:0000371,Bluetongue virus vaccine sheep animal model,vaccine animal model,sheep animal model,sheep,,laboratory animal model role,lab animal model for vaccine study objective,Bluetongue virus,NCBITaxon:40051,,,A sheep animal model that is used for rearch of vaccine against Bluetongue virus.,Oliver He|Jie Zheng|Leo Yeh,https://violinet.org/vaxquery/query_detail.php?c_pathogen_id=165#Vaccine_Information
OLAS:0000372,Sarcocystis neurona vaccine horse animal model,vaccine animal model,horse animal model,horse,,laboratory animal model role,lab animal model for vaccine study objective,Sarcocystis neurona,NCBITaxon:42890,,,A horse animal model that is used for rearch of vaccine against Sarcocystis neurona.,Oliver He|Jie Zheng|Leo Yeh,https://violinet.org/vaxquery/query_detail.php?c_pathogen_id=95#Vaccine_Information
OLAS:0000125,Neisseria meningitidis vaccine mouse animal model,vaccine animal model,mouse animal model,mouse,,laboratory animal model role,lab animal model for vaccine study objective,Neisseria meningitidis,NCBITaxon:487,,,A mouse animal model that is used for rearch of vaccine against Neisseria meningitidis.,Oliver He|Jie Zheng|Leo Yeh,https://violinet.org/vaxquery/query_detail.php?c_pathogen_id=46#Vaccine_Information
OLAS:0000126,Neisseria meningitidis vaccine rat animal model,vaccine animal model,rat animal model,rat,,laboratory animal model role,lab animal model for vaccine study objective,Neisseria meningitidis,NCBITaxon:487,,,A rat animal model that is used for rearch of vaccine against Neisseria meningitidis.,Oliver He|Jie Zheng|Leo Yeh,https://violinet.org/vaxquery/query_detail.php?c_pathogen_id=46#Vaccine_Information
OLAS:0000128,Bordetella bronchiseptica vaccine guinea pig animal model,vaccine animal model,guinea pig animal model,guinea pig,,laboratory animal model role,lab animal model for vaccine study objective,Bordetella bronchiseptica,NCBITaxon:518,,,A guinea pig animal model that is used for rearch of vaccine against Bordetella bronchiseptica.,Oliver He|Jie Zheng|Leo Yeh,https://violinet.org/vaxquery/query_detail.php?c_pathogen_id=166#Vaccine_Information
OLAS:0000127,Bordetella bronchiseptica vaccine mouse animal model,vaccine animal model,mouse animal model,mouse,,laboratory animal model role,lab animal model for vaccine study objective,Bordetella bronchiseptica,NCBITaxon:518,,,A mouse animal model that is used for rearch of vaccine against Bordetella bronchiseptica.,Oliver He|Jie Zheng|Leo Yeh,https://violinet.org/vaxquery/query_detail.php?c_pathogen_id=166#Vaccine_Information
OLAS:0000129,Bordetella pertussis vaccine mouse animal model,vaccine animal model,mouse animal model,mouse,,laboratory animal model role,lab animal model for vaccine study objective,Bordetella pertussis,NCBITaxon:520,,,A mouse animal model that is used for rearch of vaccine against Bordetella pertussis.,Oliver He|Jie Zheng|Leo Yeh,https://violinet.org/vaxquery/query_detail.php?c_pathogen_id=109#Vaccine_Information
OLAS:0000373,Bovine viral diarrhea virus 2 vaccine cattle animal model,vaccine animal model,cattle animal model,cattle,,laboratory animal model role,lab animal model for vaccine study objective,Bovine viral diarrhea virus 2,NCBITaxon:54315,,,A cattle animal model that is used for rearch of vaccine against Bovine viral diarrhea virus 2.,Oliver He|Jie Zheng|Leo Yeh,https://violinet.org/vaxquery/query_detail.php?c_pathogen_id=256#Vaccine_Information
OLAS:0000194,Coccidioides vaccine mouse animal model,vaccine animal model,mouse animal model,mouse,,laboratory animal model role,lab animal model for vaccine study objective,Coccidioides,NCBITaxon:5500,,,A mouse animal model that is used for rearch of vaccine against Coccidioides.,Oliver He|Jie Zheng|Leo Yeh,https://violinet.org/vaxquery/query_detail.php?c_pathogen_id=132#Vaccine_Information
OLAS:0000374,Infectious salmon anemia virus vaccine fish animal model,vaccine animal model,fish animal model,fish,,laboratory animal model role,lab animal model for vaccine study objective,Infectious salmon anemia virus,NCBITaxon:55987,,,A fish animal model that is used for rearch of vaccine against Infectious salmon anemia virus.,Oliver He|Jie Zheng|Leo Yeh,https://violinet.org/vaxquery/query_detail.php?c_pathogen_id=162#Vaccine_Information
OLAS:0000195,Leishmania amazonensis vaccine mouse animal model,vaccine animal model,mouse animal model,mouse,,laboratory animal model role,lab animal model for vaccine study objective,Leishmania amazonensis,NCBITaxon:5659,,,A mouse animal model that is used for rearch of vaccine against Leishmania amazonensis.,Oliver He|Jie Zheng|Leo Yeh,https://violinet.org/vaxquery/query_detail.php?c_pathogen_id=117#Vaccine_Information
OLAS:0000196,Leishmania donovani vaccine hamster animal model,vaccine animal model,hamster animal model,hamster,,laboratory animal model role,lab animal model for vaccine study objective,Leishmania donovani,NCBITaxon:5661,,,A hamster animal model that is used for rearch of vaccine against Leishmania donovani.,Oliver He|Jie Zheng|Leo Yeh,https://violinet.org/vaxquery/query_detail.php?c_pathogen_id=97#Vaccine_Information
OLAS:0000197,Leishmania donovani vaccine mouse animal model,vaccine animal model,mouse animal model,mouse,,laboratory animal model role,lab animal model for vaccine study objective,Leishmania donovani,NCBITaxon:5661,,,A mouse animal model that is used for rearch of vaccine against Leishmania donovani.,Oliver He|Jie Zheng|Leo Yeh,https://violinet.org/vaxquery/query_detail.php?c_pathogen_id=97#Vaccine_Information
OLAS:0000198,Leishmania major vaccine mouse animal model,vaccine animal model,mouse animal model,mouse,,laboratory animal model role,lab animal model for vaccine study objective,Leishmania major,NCBITaxon:5664,,,A mouse animal model that is used for rearch of vaccine against Leishmania major.,Oliver He|Jie Zheng|Leo Yeh,https://violinet.org/vaxquery/query_detail.php?c_pathogen_id=115#Vaccine_Information
OLAS:0000200,Leishmania infantum vaccine dog animal model,vaccine animal model,dog animal model,dog,,laboratory animal model role,lab animal model for vaccine study objective,Leishmania infantum,NCBITaxon:5671,,,A dog animal model that is used for rearch of vaccine against Leishmania infantum.,Oliver He|Jie Zheng|Leo Yeh,https://violinet.org/vaxquery/query_detail.php?c_pathogen_id=116#Vaccine_Information
OLAS:0000199,Leishmania infantum vaccine mouse animal model,vaccine animal model,mouse animal model,mouse,,laboratory animal model role,lab animal model for vaccine study objective,Leishmania infantum,NCBITaxon:5671,,,A mouse animal model that is used for rearch of vaccine against Leishmania infantum.,Oliver He|Jie Zheng|Leo Yeh,https://violinet.org/vaxquery/query_detail.php?c_pathogen_id=116#Vaccine_Information
OLAS:0000201,Trypanosoma brucei vaccine mouse animal model,vaccine animal model,mouse animal model,mouse,,laboratory animal model role,lab animal model for vaccine study objective,Trypanosoma brucei,NCBITaxon:5691,,,A mouse animal model that is used for rearch of vaccine against Trypanosoma brucei.,Oliver He|Jie Zheng|Leo Yeh,https://violinet.org/vaxquery/query_detail.php?c_pathogen_id=133#Vaccine_Information
OLAS:0000203,Trypanosoma cruzi vaccine dog animal model,vaccine animal model,dog animal model,dog,,laboratory animal model role,lab animal model for vaccine study objective,Trypanosoma cruzi,NCBITaxon:5693,,,A dog animal model that is used for rearch of vaccine against Trypanosoma cruzi.,Oliver He|Jie Zheng|Leo Yeh,https://violinet.org/vaxquery/query_detail.php?c_pathogen_id=118#Vaccine_Information
OLAS:0000202,Trypanosoma cruzi vaccine mouse animal model,vaccine animal model,mouse animal model,mouse,,laboratory animal model role,lab animal model for vaccine study objective,Trypanosoma cruzi,NCBITaxon:5693,,,A mouse animal model that is used for rearch of vaccine against Trypanosoma cruzi.,Oliver He|Jie Zheng|Leo Yeh,https://violinet.org/vaxquery/query_detail.php?c_pathogen_id=118#Vaccine_Information
OLAS:0000204,Giardia duodenalis vaccine mouse animal model,vaccine animal model,mouse animal model,mouse,,laboratory animal model role,lab animal model for vaccine study objective,Giardia duodenalis,NCBITaxon:5741,,,A mouse animal model that is used for rearch of vaccine against Giardia duodenalis.,Oliver He|Jie Zheng|Leo Yeh,https://violinet.org/vaxquery/query_detail.php?c_pathogen_id=94#Vaccine_Information
OLAS:0000205,Entamoeba histolytica vaccine mouse animal model,vaccine animal model,mouse animal model,mouse,,laboratory animal model role,lab animal model for vaccine study objective,Entamoeba histolytica,NCBITaxon:5759,,,A mouse animal model that is used for rearch of vaccine against Entamoeba histolytica.,Oliver He|Jie Zheng|Leo Yeh,https://violinet.org/vaxquery/query_detail.php?c_pathogen_id=131#Vaccine_Information
OLAS:0000206,Eimeria vaccine chicken animal model,vaccine animal model,chicken animal model,chicken,,laboratory animal model role,lab animal model for vaccine study objective,Eimeria,NCBITaxon:5800,,,A chicken animal model that is used for rearch of vaccine against Eimeria.,Oliver He|Jie Zheng|Leo Yeh,https://violinet.org/vaxquery/query_detail.php?c_pathogen_id=87#Vaccine_Information
OLAS:0000207,Eimeria tenella vaccine chicken animal model,vaccine animal model,chicken animal model,chicken,,laboratory animal model role,lab animal model for vaccine study objective,Eimeria tenella,NCBITaxon:5802,,,A chicken animal model that is used for rearch of vaccine against Eimeria tenella.,Oliver He|Jie Zheng|Leo Yeh,https://violinet.org/vaxquery/query_detail.php?c_pathogen_id=88#Vaccine_Information
OLAS:0000208,Eimeria maxima vaccine chicken animal model,vaccine animal model,chicken animal model,chicken,,laboratory animal model role,lab animal model for vaccine study objective,Eimeria maxima,NCBITaxon:5804,,,A chicken animal model that is used for rearch of vaccine against Eimeria maxima.,Oliver He|Jie Zheng|Leo Yeh,https://violinet.org/vaxquery/query_detail.php?c_pathogen_id=98#Vaccine_Information
OLAS:0000209,Cryptosporidium parvum vaccine mouse animal model,vaccine animal model,mouse animal model,mouse,,laboratory animal model role,lab animal model for vaccine study objective,Cryptosporidium parvum,NCBITaxon:5807,,,A mouse animal model that is used for rearch of vaccine against Cryptosporidium parvum.,Oliver He|Jie Zheng|Leo Yeh,https://violinet.org/vaxquery/query_detail.php?c_pathogen_id=123#Vaccine_Information
OLAS:0000210,Toxoplasma gondii vaccine mouse animal model,vaccine animal model,mouse animal model,mouse,,laboratory animal model role,lab animal model for vaccine study objective,Toxoplasma gondii,NCBITaxon:5811,,,A mouse animal model that is used for rearch of vaccine against Toxoplasma gondii.,Oliver He|Jie Zheng|Leo Yeh,https://violinet.org/vaxquery/query_detail.php?c_pathogen_id=91#Vaccine_Information
OLAS:0000214,Plasmodium vaccine chimpanzee animal model,vaccine animal model,chimpanzee animal model,chimpanzee,,laboratory animal model role,lab animal model for vaccine study objective,Plasmodium,NCBITaxon:5820,,,A chimpanzee animal model that is used for rearch of vaccine against Plasmodium.,Oliver He|Jie Zheng|Leo Yeh,https://violinet.org/vaxquery/query_detail.php?c_pathogen_id=30#Vaccine_Information
OLAS:0000213,Plasmodium vaccine macaque animal model,vaccine animal model,macaque animal model,macaque,,laboratory animal model role,lab animal model for vaccine study objective,Plasmodium,NCBITaxon:5820,,,A macaque animal model that is used for rearch of vaccine against Plasmodium.,Oliver He|Jie Zheng|Leo Yeh,https://violinet.org/vaxquery/query_detail.php?c_pathogen_id=30#Vaccine_Information
OLAS:0000212,Plasmodium vaccine monkey animal model,vaccine animal model,monkey animal model,monkey,,laboratory animal model role,lab animal model for vaccine study objective,Plasmodium,NCBITaxon:5820,,,A monkey animal model that is used for rearch of vaccine against Plasmodium.,Oliver He|Jie Zheng|Leo Yeh,https://violinet.org/vaxquery/query_detail.php?c_pathogen_id=30#Vaccine_Information
OLAS:0000211,Plasmodium vaccine mouse animal model,vaccine animal model,mouse animal model,mouse,,laboratory animal model role,lab animal model for vaccine study objective,Plasmodium,NCBITaxon:5820,,,A mouse animal model that is used for rearch of vaccine against Plasmodium.,Oliver He|Jie Zheng|Leo Yeh,https://violinet.org/vaxquery/query_detail.php?c_pathogen_id=30#Vaccine_Information
OLAS:0000216,Plasmodium vaccine rabbit animal model,vaccine animal model,rabbit animal model,rabbit,,laboratory animal model role,lab animal model for vaccine study objective,Plasmodium,NCBITaxon:5820,,,A rabbit animal model that is used for rearch of vaccine against Plasmodium.,Oliver He|Jie Zheng|Leo Yeh,https://violinet.org/vaxquery/query_detail.php?c_pathogen_id=30#Vaccine_Information
OLAS:0000215,Plasmodium vaccine sheep animal model,vaccine animal model,sheep animal model,sheep,,laboratory animal model role,lab animal model for vaccine study objective,Plasmodium,NCBITaxon:5820,,,A sheep animal model that is used for rearch of vaccine against Plasmodium.,Oliver He|Jie Zheng|Leo Yeh,https://violinet.org/vaxquery/query_detail.php?c_pathogen_id=30#Vaccine_Information
OLAS:0000217,Babesia bovis vaccine cattle animal model,vaccine animal model,cattle animal model,cattle,,laboratory animal model role,lab animal model for vaccine study objective,Babesia bovis,NCBITaxon:5865,,,A cattle animal model that is used for rearch of vaccine against Babesia bovis.,Oliver He|Jie Zheng|Leo Yeh,https://violinet.org/vaxquery/query_detail.php?c_pathogen_id=92#Vaccine_Information
OLAS:0000218,Theileria annulata vaccine cattle animal model,vaccine animal model,cattle animal model,cattle,,laboratory animal model role,lab animal model for vaccine study objective,Theileria annulata,NCBITaxon:5874,,,A cattle animal model that is used for rearch of vaccine against Theileria annulata.,Oliver He|Jie Zheng|Leo Yeh,https://violinet.org/vaxquery/query_detail.php?c_pathogen_id=90#Vaccine_Information
OLAS:0000219,Theileria parva vaccine cattle animal model,vaccine animal model,cattle animal model,cattle,,laboratory animal model role,lab animal model for vaccine study objective,Theileria parva,NCBITaxon:5875,,,A cattle animal model that is used for rearch of vaccine against Theileria parva.,Oliver He|Jie Zheng|Leo Yeh,https://violinet.org/vaxquery/query_detail.php?c_pathogen_id=89#Vaccine_Information
OLAS:0000131,Salmonella vaccine chicken animal model,vaccine animal model,chicken animal model,chicken,,laboratory animal model role,lab animal model for vaccine study objective,Salmonella,NCBITaxon:590,,,A chicken animal model that is used for rearch of vaccine against Salmonella.,Oliver He|Jie Zheng|Leo Yeh,https://violinet.org/vaxquery/query_detail.php?c_pathogen_id=42#Vaccine_Information
OLAS:0000130,Salmonella vaccine mouse animal model,vaccine animal model,mouse animal model,mouse,,laboratory animal model role,lab animal model for vaccine study objective,Salmonella,NCBITaxon:590,,,A mouse animal model that is used for rearch of vaccine against Salmonella.,Oliver He|Jie Zheng|Leo Yeh,https://violinet.org/vaxquery/query_detail.php?c_pathogen_id=42#Vaccine_Information
OLAS:0000132,Salmonella vaccine pig animal model,vaccine animal model,pig animal model,pig,,laboratory animal model role,lab animal model for vaccine study objective,Salmonella,NCBITaxon:590,,,A pig animal model that is used for rearch of vaccine against Salmonella.,Oliver He|Jie Zheng|Leo Yeh,https://violinet.org/vaxquery/query_detail.php?c_pathogen_id=42#Vaccine_Information
OLAS:0000220,Schistosoma japonicum vaccine mouse animal model,vaccine animal model,mouse animal model,mouse,,laboratory animal model role,lab animal model for vaccine study objective,Schistosoma japonicum,NCBITaxon:6182,,,A mouse animal model that is used for rearch of vaccine against Schistosoma japonicum.,Oliver He|Jie Zheng|Leo Yeh,https://violinet.org/vaxquery/query_detail.php?c_pathogen_id=242#Vaccine_Information
OLAS:0000221,Schistosoma mansoni vaccine mouse animal model,vaccine animal model,mouse animal model,mouse,,laboratory animal model role,lab animal model for vaccine study objective,Schistosoma mansoni,NCBITaxon:6183,,,A mouse animal model that is used for rearch of vaccine against Schistosoma mansoni.,Oliver He|Jie Zheng|Leo Yeh,https://violinet.org/vaxquery/query_detail.php?c_pathogen_id=225#Vaccine_Information
OLAS:0000134,Shigella vaccine guinea pig animal model,vaccine animal model,guinea pig animal model,guinea pig,,laboratory animal model role,lab animal model for vaccine study objective,Shigella,NCBITaxon:620,,,A guinea pig animal model that is used for rearch of vaccine against Shigella.,Oliver He|Jie Zheng|Leo Yeh,https://violinet.org/vaxquery/query_detail.php?c_pathogen_id=43#Vaccine_Information
OLAS:0000136,Shigella vaccine macaque animal model,vaccine animal model,macaque animal model,macaque,,laboratory animal model role,lab animal model for vaccine study objective,Shigella,NCBITaxon:620,,,A macaque animal model that is used for rearch of vaccine against Shigella.,Oliver He|Jie Zheng|Leo Yeh,https://violinet.org/vaxquery/query_detail.php?c_pathogen_id=43#Vaccine_Information
OLAS:0000135,Shigella vaccine monkey animal model,vaccine animal model,monkey animal model,monkey,,laboratory animal model role,lab animal model for vaccine study objective,Shigella,NCBITaxon:620,,,A monkey animal model that is used for rearch of vaccine against Shigella.,Oliver He|Jie Zheng|Leo Yeh,https://violinet.org/vaxquery/query_detail.php?c_pathogen_id=43#Vaccine_Information
OLAS:0000133,Shigella vaccine mouse animal model,vaccine animal model,mouse animal model,mouse,,laboratory animal model role,lab animal model for vaccine study objective,Shigella,NCBITaxon:620,,,A mouse animal model that is used for rearch of vaccine against Shigella.,Oliver He|Jie Zheng|Leo Yeh,https://violinet.org/vaxquery/query_detail.php?c_pathogen_id=43#Vaccine_Information
OLAS:0000137,Shigella vaccine rabbit animal model,vaccine animal model,rabbit animal model,rabbit,,laboratory animal model role,lab animal model for vaccine study objective,Shigella,NCBITaxon:620,,,A rabbit animal model that is used for rearch of vaccine against Shigella.,Oliver He|Jie Zheng|Leo Yeh,https://violinet.org/vaxquery/query_detail.php?c_pathogen_id=43#Vaccine_Information
OLAS:0000142,Yersinia pestis vaccine dog animal model,vaccine animal model,dog animal model,dog,,laboratory animal model role,lab animal model for vaccine study objective,Yersinia pestis,NCBITaxon:632,,,A dog animal model that is used for rearch of vaccine against Yersinia pestis.,Oliver He|Jie Zheng|Leo Yeh,https://violinet.org/vaxquery/query_detail.php?c_pathogen_id=11#Vaccine_Information
OLAS:0000140,Yersinia pestis vaccine guinea pig animal model,vaccine animal model,guinea pig animal model,guinea pig,,laboratory animal model role,lab animal model for vaccine study objective,Yersinia pestis,NCBITaxon:632,,,A guinea pig animal model that is used for rearch of vaccine against Yersinia pestis.,Oliver He|Jie Zheng|Leo Yeh,https://violinet.org/vaxquery/query_detail.php?c_pathogen_id=11#Vaccine_Information
OLAS:0000141,Yersinia pestis vaccine monkey animal model,vaccine animal model,monkey animal model,monkey,,laboratory animal model role,lab animal model for vaccine study objective,Yersinia pestis,NCBITaxon:632,,,A monkey animal model that is used for rearch of vaccine against Yersinia pestis.,Oliver He|Jie Zheng|Leo Yeh,https://violinet.org/vaxquery/query_detail.php?c_pathogen_id=11#Vaccine_Information
OLAS:0000138,Yersinia pestis vaccine mouse animal model,vaccine animal model,mouse animal model,mouse,,laboratory animal model role,lab animal model for vaccine study objective,Yersinia pestis,NCBITaxon:632,,,A mouse animal model that is used for rearch of vaccine against Yersinia pestis.,Oliver He|Jie Zheng|Leo Yeh,https://violinet.org/vaxquery/query_detail.php?c_pathogen_id=11#Vaccine_Information
OLAS:0000139,Yersinia pestis vaccine rat animal model,vaccine animal model,rat animal model,rat,,laboratory animal model role,lab animal model for vaccine study objective,Yersinia pestis,NCBITaxon:632,,,A rat animal model that is used for rearch of vaccine against Yersinia pestis.,Oliver He|Jie Zheng|Leo Yeh,https://violinet.org/vaxquery/query_detail.php?c_pathogen_id=11#Vaccine_Information
OLAS:0000143,Yersinia pseudotuberculosis vaccine mouse animal model,vaccine animal model,mouse animal model,mouse,,laboratory animal model role,lab animal model for vaccine study objective,Yersinia pseudotuberculosis,NCBITaxon:633,,,A mouse animal model that is used for rearch of vaccine against Yersinia pseudotuberculosis.,Oliver He|Jie Zheng|Leo Yeh,https://violinet.org/vaxquery/query_detail.php?c_pathogen_id=111#Vaccine_Information
OLAS:0000375,Hendra virus vaccine cat animal model,vaccine animal model,cat animal model,cat,,laboratory animal model role,lab animal model for vaccine study objective,Hendra virus,NCBITaxon:3052223,,,A cat animal model that is used for rearch of vaccine against Hendra virus.,Oliver He|Jie Zheng|Leo Yeh,https://violinet.org/vaxquery/query_detail.php?c_pathogen_id=125#Vaccine_Information
OLAS:0000222,Trichinella spiralis vaccine mouse animal model,vaccine animal model,mouse animal model,mouse,,laboratory animal model role,lab animal model for vaccine study objective,Trichinella spiralis,NCBITaxon:6334,,,A mouse animal model that is used for rearch of vaccine against Trichinella spiralis.,Oliver He|Jie Zheng|Leo Yeh,https://violinet.org/vaxquery/query_detail.php?c_pathogen_id=264#Vaccine_Information
OLAS:0000144,Edwardsiella tarda vaccine fish animal model,vaccine animal model,fish animal model,fish,,laboratory animal model role,lab animal model for vaccine study objective,Edwardsiella tarda,NCBITaxon:636,,,A fish animal model that is used for rearch of vaccine against Edwardsiella tarda.,Oliver He|Jie Zheng|Leo Yeh,https://violinet.org/vaxquery/query_detail.php?c_pathogen_id=209#Vaccine_Information
OLAS:0000145,Aeromonas hydrophila vaccine fish animal model,vaccine animal model,fish animal model,fish,,laboratory animal model role,lab animal model for vaccine study objective,Aeromonas hydrophila,NCBITaxon:644,,,A fish animal model that is used for rearch of vaccine against Aeromonas hydrophila.,Oliver He|Jie Zheng|Leo Yeh,https://violinet.org/vaxquery/query_detail.php?c_pathogen_id=211#Vaccine_Information
OLAS:0000146,Vibrio cholerae vaccine mouse animal model,vaccine animal model,mouse animal model,mouse,,laboratory animal model role,lab animal model for vaccine study objective,Vibrio cholerae,NCBITaxon:666,,,A mouse animal model that is used for rearch of vaccine against Vibrio cholerae.,Oliver He|Jie Zheng|Leo Yeh,https://violinet.org/vaxquery/query_detail.php?c_pathogen_id=102#Vaccine_Information
OLAS:0000147,Vibrio cholerae vaccine rabbit animal model,vaccine animal model,rabbit animal model,rabbit,,laboratory animal model role,lab animal model for vaccine study objective,Vibrio cholerae,NCBITaxon:666,,,A rabbit animal model that is used for rearch of vaccine against Vibrio cholerae.,Oliver He|Jie Zheng|Leo Yeh,https://violinet.org/vaxquery/query_detail.php?c_pathogen_id=102#Vaccine_Information
OLAS:0000376,Edwardsiella ictaluri vaccine catfishes animal model,vaccine animal model,catfishes animal model,catfishes,,laboratory animal model role,lab animal model for vaccine study objective,Edwardsiella ictaluri,NCBITaxon:67780,,,A catfishes animal model that is used for rearch of vaccine against Edwardsiella ictaluri.,Oliver He|Jie Zheng|Leo Yeh,https://violinet.org/vaxquery/query_detail.php?c_pathogen_id=163#Vaccine_Information
OLAS:0000408,Duck hepatitis virus 1 vaccine ducks animal model,vaccine animal model,ducks animal model,ducks,,laboratory animal model role,lab animal model for vaccine study objective,Duck hepatitis virus 1,NCBITaxon:691956,,,A ducks animal model that is used for rearch of vaccine against Duck hepatitis virus 1.,Oliver He|Jie Zheng|Leo Yeh,https://violinet.org/vaxquery/query_detail.php?c_pathogen_id=190#Vaccine_Information
OLAS:0000413,SARS-CoV vaccine ferret animal model,vaccine animal model,ferret animal model,ferret,,laboratory animal model role,lab animal model for vaccine study objective,SARS-CoV,NCBITaxon:694009,,,A ferret animal model that is used for rearch of vaccine against SARS-CoV.,Oliver He|Jie Zheng|Leo Yeh,https://violinet.org/vaxquery/query_detail.php?c_pathogen_id=129#Vaccine_Information
OLAS:0000409,SARS-CoV vaccine hamster animal model,vaccine animal model,hamster animal model,hamster,,laboratory animal model role,lab animal model for vaccine study objective,SARS-CoV,NCBITaxon:694009,,,A hamster animal model that is used for rearch of vaccine against SARS-CoV.,Oliver He|Jie Zheng|Leo Yeh,https://violinet.org/vaxquery/query_detail.php?c_pathogen_id=129#Vaccine_Information
OLAS:0000412,SARS-CoV vaccine macaque animal model,vaccine animal model,macaque animal model,macaque,,laboratory animal model role,lab animal model for vaccine study objective,SARS-CoV,NCBITaxon:694009,,,A macaque animal model that is used for rearch of vaccine against SARS-CoV.,Oliver He|Jie Zheng|Leo Yeh,https://violinet.org/vaxquery/query_detail.php?c_pathogen_id=129#Vaccine_Information
OLAS:0000411,SARS-CoV vaccine monkey animal model,vaccine animal model,monkey animal model,monkey,,laboratory animal model role,lab animal model for vaccine study objective,SARS-CoV,NCBITaxon:694009,,,A monkey animal model that is used for rearch of vaccine against SARS-CoV.,Oliver He|Jie Zheng|Leo Yeh,https://violinet.org/vaxquery/query_detail.php?c_pathogen_id=129#Vaccine_Information
OLAS:0000410,SARS-CoV vaccine mouse animal model,vaccine animal model,mouse animal model,mouse,,laboratory animal model role,lab animal model for vaccine study objective,SARS-CoV,NCBITaxon:694009,,,A mouse animal model that is used for rearch of vaccine against SARS-CoV.,Oliver He|Jie Zheng|Leo Yeh,https://violinet.org/vaxquery/query_detail.php?c_pathogen_id=129#Vaccine_Information
OLAS:0000414,SARS-CoV vaccine rabbit animal model,vaccine animal model,rabbit animal model,rabbit,,laboratory animal model role,lab animal model for vaccine study objective,SARS-CoV,NCBITaxon:694009,,,A rabbit animal model that is used for rearch of vaccine against SARS-CoV.,Oliver He|Jie Zheng|Leo Yeh,https://violinet.org/vaxquery/query_detail.php?c_pathogen_id=129#Vaccine_Information
OLAS:0000148,Actinobacillus pleuropneumoniae vaccine mouse animal model,vaccine animal model,mouse animal model,mouse,,laboratory animal model role,lab animal model for vaccine study objective,Actinobacillus pleuropneumoniae,NCBITaxon:715,,,A mouse animal model that is used for rearch of vaccine against Actinobacillus pleuropneumoniae.,Oliver He|Jie Zheng|Leo Yeh,https://violinet.org/vaxquery/query_detail.php?c_pathogen_id=86#Vaccine_Information
OLAS:0000149,Actinobacillus pleuropneumoniae vaccine pig animal model,vaccine animal model,pig animal model,pig,,laboratory animal model role,lab animal model for vaccine study objective,Actinobacillus pleuropneumoniae,NCBITaxon:715,,,A pig animal model that is used for rearch of vaccine against Actinobacillus pleuropneumoniae.,Oliver He|Jie Zheng|Leo Yeh,https://violinet.org/vaxquery/query_detail.php?c_pathogen_id=86#Vaccine_Information
OLAS:0000150,Haemophilus influenzae vaccine mouse animal model,vaccine animal model,mouse animal model,mouse,,laboratory animal model role,lab animal model for vaccine study objective,Haemophilus influenzae,NCBITaxon:727,,,A mouse animal model that is used for rearch of vaccine against Haemophilus influenzae.,Oliver He|Jie Zheng|Leo Yeh,https://violinet.org/vaxquery/query_detail.php?c_pathogen_id=31#Vaccine_Information
OLAS:0000152,Haemophilus influenzae vaccine rabbit animal model,vaccine animal model,rabbit animal model,rabbit,,laboratory animal model role,lab animal model for vaccine study objective,Haemophilus influenzae,NCBITaxon:727,,,A rabbit animal model that is used for rearch of vaccine against Haemophilus influenzae.,Oliver He|Jie Zheng|Leo Yeh,https://violinet.org/vaxquery/query_detail.php?c_pathogen_id=31#Vaccine_Information
OLAS:0000151,Haemophilus influenzae vaccine rat animal model,vaccine animal model,rat animal model,rat,,laboratory animal model role,lab animal model for vaccine study objective,Haemophilus influenzae,NCBITaxon:727,,,A rat animal model that is used for rearch of vaccine against Haemophilus influenzae.,Oliver He|Jie Zheng|Leo Yeh,https://violinet.org/vaxquery/query_detail.php?c_pathogen_id=31#Vaccine_Information
OLAS:0000153,Haemophilus parasuis vaccine mouse animal model,vaccine animal model,mouse animal model,mouse,,laboratory animal model role,lab animal model for vaccine study objective,Haemophilus parasuis,NCBITaxon:738,,,A mouse animal model that is used for rearch of vaccine against Haemophilus parasuis.,Oliver He|Jie Zheng|Leo Yeh,https://violinet.org/vaxquery/query_detail.php?c_pathogen_id=178#Vaccine_Information
OLAS:0000155,Pasteurella multocida vaccine cattle animal model,vaccine animal model,cattle animal model,cattle,,laboratory animal model role,lab animal model for vaccine study objective,Pasteurella multocida,NCBITaxon:747,,,A cattle animal model that is used for rearch of vaccine against Pasteurella multocida.,Oliver He|Jie Zheng|Leo Yeh,https://violinet.org/vaxquery/query_detail.php?c_pathogen_id=161#Vaccine_Information
OLAS:0000154,Pasteurella multocida vaccine chicken animal model,vaccine animal model,chicken animal model,chicken,,laboratory animal model role,lab animal model for vaccine study objective,Pasteurella multocida,NCBITaxon:747,,,A chicken animal model that is used for rearch of vaccine against Pasteurella multocida.,Oliver He|Jie Zheng|Leo Yeh,https://violinet.org/vaxquery/query_detail.php?c_pathogen_id=161#Vaccine_Information
OLAS:0000377,Mannheimia haemolytica vaccine mouse animal model,vaccine animal model,mouse animal model,mouse,,laboratory animal model role,lab animal model for vaccine study objective,Mannheimia haemolytica,NCBITaxon:75985,,,A mouse animal model that is used for rearch of vaccine against Mannheimia haemolytica.,Oliver He|Jie Zheng|Leo Yeh,https://violinet.org/vaxquery/query_detail.php?c_pathogen_id=180#Vaccine_Information
OLAS:0000159,Coxiella burnetii vaccine goat animal model,vaccine animal model,goat animal model,goat,,laboratory animal model role,lab animal model for vaccine study objective,Coxiella burnetii,NCBITaxon:777,,,A goat animal model that is used for rearch of vaccine against Coxiella burnetii.,Oliver He|Jie Zheng|Leo Yeh,https://violinet.org/vaxquery/query_detail.php?c_pathogen_id=37#Vaccine_Information
OLAS:0000157,Coxiella burnetii vaccine guinea pig animal model,vaccine animal model,guinea pig animal model,guinea pig,,laboratory animal model role,lab animal model for vaccine study objective,Coxiella burnetii,NCBITaxon:777,,,A guinea pig animal model that is used for rearch of vaccine against Coxiella burnetii.,Oliver He|Jie Zheng|Leo Yeh,https://violinet.org/vaxquery/query_detail.php?c_pathogen_id=37#Vaccine_Information
OLAS:0000158,Coxiella burnetii vaccine monkey animal model,vaccine animal model,monkey animal model,monkey,,laboratory animal model role,lab animal model for vaccine study objective,Coxiella burnetii,NCBITaxon:777,,,A monkey animal model that is used for rearch of vaccine against Coxiella burnetii.,Oliver He|Jie Zheng|Leo Yeh,https://violinet.org/vaxquery/query_detail.php?c_pathogen_id=37#Vaccine_Information
OLAS:0000156,Coxiella burnetii vaccine mouse animal model,vaccine animal model,mouse animal model,mouse,,laboratory animal model role,lab animal model for vaccine study objective,Coxiella burnetii,NCBITaxon:777,,,A mouse animal model that is used for rearch of vaccine against Coxiella burnetii.,Oliver He|Jie Zheng|Leo Yeh,https://violinet.org/vaxquery/query_detail.php?c_pathogen_id=37#Vaccine_Information
OLAS:0000160,Rickettsia vaccine mouse animal model,vaccine animal model,mouse animal model,mouse,,laboratory animal model role,lab animal model for vaccine study objective,Rickettsia,NCBITaxon:780,,,A mouse animal model that is used for rearch of vaccine against Rickettsia.,Oliver He|Jie Zheng|Leo Yeh,https://violinet.org/vaxquery/query_detail.php?c_pathogen_id=108#Vaccine_Information
OLAS:0000161,Chlamydia trachomatis vaccine mouse animal model,vaccine animal model,mouse animal model,mouse,,laboratory animal model role,lab animal model for vaccine study objective,Chlamydia trachomatis,NCBITaxon:813,,,A mouse animal model that is used for rearch of vaccine against Chlamydia trachomatis.,Oliver He|Jie Zheng|Leo Yeh,https://violinet.org/vaxquery/query_detail.php?c_pathogen_id=208#Vaccine_Information
OLAS:0000162,Chlamydia trachomatis vaccine pig animal model,vaccine animal model,pig animal model,pig,,laboratory animal model role,lab animal model for vaccine study objective,Chlamydia trachomatis,NCBITaxon:813,,,A pig animal model that is used for rearch of vaccine against Chlamydia trachomatis.,Oliver He|Jie Zheng|Leo Yeh,https://violinet.org/vaxquery/query_detail.php?c_pathogen_id=208#Vaccine_Information
OLAS:0000382,Escherichia coli vaccine cattle animal model,vaccine animal model,cattle animal model,cattle,,laboratory animal model role,lab animal model for vaccine study objective,Escherichia coli,NCBITaxon:83334,,,A cattle animal model that is used for rearch of vaccine against Escherichia coli.,Oliver He|Jie Zheng|Leo Yeh,https://violinet.org/vaxquery/query_detail.php?c_pathogen_id=25#Vaccine_Information
OLAS:0000379,Escherichia coli vaccine chicken animal model,vaccine animal model,chicken animal model,chicken,,laboratory animal model role,lab animal model for vaccine study objective,Escherichia coli,NCBITaxon:83334,,,A chicken animal model that is used for rearch of vaccine against Escherichia coli.,Oliver He|Jie Zheng|Leo Yeh,https://violinet.org/vaxquery/query_detail.php?c_pathogen_id=25#Vaccine_Information
OLAS:0000383,Escherichia coli vaccine goat animal model,vaccine animal model,goat animal model,goat,,laboratory animal model role,lab animal model for vaccine study objective,Escherichia coli,NCBITaxon:83334,,,A goat animal model that is used for rearch of vaccine against Escherichia coli.,Oliver He|Jie Zheng|Leo Yeh,https://violinet.org/vaxquery/query_detail.php?c_pathogen_id=25#Vaccine_Information
OLAS:0000378,Escherichia coli vaccine mouse animal model,vaccine animal model,mouse animal model,mouse,,laboratory animal model role,lab animal model for vaccine study objective,Escherichia coli,NCBITaxon:83334,,,A mouse animal model that is used for rearch of vaccine against Escherichia coli.,Oliver He|Jie Zheng|Leo Yeh,https://violinet.org/vaxquery/query_detail.php?c_pathogen_id=25#Vaccine_Information
OLAS:0000381,Escherichia coli vaccine pig animal model,vaccine animal model,pig animal model,pig,,laboratory animal model role,lab animal model for vaccine study objective,Escherichia coli,NCBITaxon:83334,,,A pig animal model that is used for rearch of vaccine against Escherichia coli.,Oliver He|Jie Zheng|Leo Yeh,https://violinet.org/vaxquery/query_detail.php?c_pathogen_id=25#Vaccine_Information
OLAS:0000384,Escherichia coli vaccine rabbit animal model,vaccine animal model,rabbit animal model,rabbit,,laboratory animal model role,lab animal model for vaccine study objective,Escherichia coli,NCBITaxon:83334,,,A rabbit animal model that is used for rearch of vaccine against Escherichia coli.,Oliver He|Jie Zheng|Leo Yeh,https://violinet.org/vaxquery/query_detail.php?c_pathogen_id=25#Vaccine_Information
OLAS:0000380,Escherichia coli vaccine turkey animal model,vaccine animal model,turkey animal model,turkey,,laboratory animal model role,lab animal model for vaccine study objective,Escherichia coli,NCBITaxon:83334,,,A turkey animal model that is used for rearch of vaccine against Escherichia coli.,Oliver He|Jie Zheng|Leo Yeh,https://violinet.org/vaxquery/query_detail.php?c_pathogen_id=25#Vaccine_Information
OLAS:0000385,Chlamydophila psittaci vaccine turkey animal model,vaccine animal model,turkey animal model,turkey,,laboratory animal model role,lab animal model for vaccine study objective,Chlamydophila psittaci,NCBITaxon:83554,,,A turkey animal model that is used for rearch of vaccine against Chlamydophila psittaci.,Oliver He|Jie Zheng|Leo Yeh,https://violinet.org/vaxquery/query_detail.php?c_pathogen_id=120#Vaccine_Information
OLAS:0000386,Chlamydophila abortus vaccine mouse animal model,vaccine animal model,mouse animal model,mouse,,laboratory animal model role,lab animal model for vaccine study objective,Chlamydophila abortus,NCBITaxon:83555,,,A mouse animal model that is used for rearch of vaccine against Chlamydophila abortus.,Oliver He|Jie Zheng|Leo Yeh,https://violinet.org/vaxquery/query_detail.php?c_pathogen_id=82#Vaccine_Information
OLAS:0000387,Chlamydophila pneumoniae vaccine mouse animal model,vaccine animal model,mouse animal model,mouse,,laboratory animal model role,lab animal model for vaccine study objective,Chlamydophila pneumoniae,NCBITaxon:83558,,,A mouse animal model that is used for rearch of vaccine against Chlamydophila pneumoniae.,Oliver He|Jie Zheng|Leo Yeh,https://violinet.org/vaxquery/query_detail.php?c_pathogen_id=112#Vaccine_Information
OLAS:0000388,Chlamydia muridarum vaccine mouse animal model,vaccine animal model,mouse animal model,mouse,,laboratory animal model role,lab animal model for vaccine study objective,Chlamydia muridarum,NCBITaxon:83560,,,A mouse animal model that is used for rearch of vaccine against Chlamydia muridarum.,Oliver He|Jie Zheng|Leo Yeh,https://violinet.org/vaxquery/query_detail.php?c_pathogen_id=113#Vaccine_Information
OLAS:0000389,Porcine circovirus 2 vaccine mouse animal model,vaccine animal model,mouse animal model,mouse,,laboratory animal model role,lab animal model for vaccine study objective,Porcine circovirus 2,NCBITaxon:85708,,,A mouse animal model that is used for rearch of vaccine against Porcine circovirus 2.,Oliver He|Jie Zheng|Leo Yeh,https://violinet.org/vaxquery/query_detail.php?c_pathogen_id=64#Vaccine_Information
OLAS:0000390,Porcine circovirus 2 vaccine pig animal model,vaccine animal model,pig animal model,pig,,laboratory animal model role,lab animal model for vaccine study objective,Porcine circovirus 2,NCBITaxon:85708,,,A pig animal model that is used for rearch of vaccine against Porcine circovirus 2.,Oliver He|Jie Zheng|Leo Yeh,https://violinet.org/vaxquery/query_detail.php?c_pathogen_id=64#Vaccine_Information
OLAS:0000428,cancer vaccine dog animal model,vaccine animal model,dog animal model,dog,,laboratory animal model role,lab animal model for vaccine study objective,,,cancer,DOID:162,A dog animal model that is used for rearch of vaccine against cancer.,Oliver He|Jie Zheng|Leo Yeh,https://violinet.org/vaxquery/query_detail.php?c_pathogen_id=99#Vaccine_Information
OLAS:0000422,allergy vaccine mouse animal model,vaccine animal model,mouse animal model,mouse,,laboratory animal model role,lab animal model for vaccine study objective,,,allergic disease,DOID:1205,A mouse animal model that is used for rearch of vaccine against allergy.,Oliver He|Jie Zheng|Leo Yeh,https://violinet.org/vaxquery/query_detail.php?c_pathogen_id=114#Vaccine_Information
OLAS:0000423,arthritis vaccine mouse animal model,vaccine animal model,mouse animal model,mouse,,laboratory animal model role,lab animal model for vaccine study objective,,,arthritis,DOID:848,A mouse animal model that is used for rearch of vaccine against arthritis.,Oliver He|Jie Zheng|Leo Yeh,https://violinet.org/vaxquery/query_detail.php?c_pathogen_id=238#Vaccine_Information
OLAS:0000425,atherosclerosis vaccine mouse animal model,vaccine animal model,mouse animal model,mouse,,laboratory animal model role,lab animal model for vaccine study objective,,,atherosclerosis,DOID:1936,A mouse animal model that is used for rearch of vaccine against atherosclerosis.,Oliver He|Jie Zheng|Leo Yeh,https://violinet.org/vaxquery/query_detail.php?c_pathogen_id=215#Vaccine_Information
OLAS:0000426,cancer vaccine mouse animal model,vaccine animal model,mouse animal model,mouse,,laboratory animal model role,lab animal model for vaccine study objective,,,cancer,DOID:162,A mouse animal model that is used for rearch of vaccine against cancer.,Oliver He|Jie Zheng|Leo Yeh,https://violinet.org/vaxquery/query_detail.php?c_pathogen_id=99#Vaccine_Information
OLAS:0000429,diabetes vaccine mouse animal model,vaccine animal model,mouse animal model,mouse,,laboratory animal model role,lab animal model for vaccine study objective,,,diabetes,DOID:9351,A mouse animal model that is used for rearch of vaccine against diabetes.,Oliver He|Jie Zheng|Leo Yeh,https://violinet.org/vaxquery/query_detail.php?c_pathogen_id=237#Vaccine_Information
OLAS:0000431,autoimmune uveitis vaccine mouse animal model,vaccine animal model,mouse animal model,mouse,,laboratory animal model role,lab animal model for vaccine study objective,,,autoimmune uveitis,DOID:0040088,A mouse animal model that is used for rearch of vaccine against autoimmune uveitis.,Oliver He|Jie Zheng|Leo Yeh,https://violinet.org/vaxquery/query_detail.php?c_pathogen_id=236#Vaccine_Information
OLAS:0000424,arthritis vaccine rat animal model,vaccine animal model,rat animal model,rat,,laboratory animal model role,lab animal model for vaccine study objective,,,arthritis,DOID:848,A rat animal model that is used for rearch of vaccine against arthritis.,Oliver He|Jie Zheng|Leo Yeh,https://violinet.org/vaxquery/query_detail.php?c_pathogen_id=238#Vaccine_Information
OLAS:0000427,cancer vaccine rat animal model,vaccine animal model,rat animal model,rat,,laboratory animal model role,lab animal model for vaccine study objective,,,cancer,DOID:162,A rat animal model that is used for rearch of vaccine against cancer.,Oliver He|Jie Zheng|Leo Yeh,https://violinet.org/vaxquery/query_detail.php?c_pathogen_id=99#Vaccine_Information
OLAS:0000430,encephalomyelitis vaccine rat animal model,vaccine animal model,rat animal model,rat,,laboratory animal model role,lab animal model for vaccine study objective,,,encephalomyelitis,DOID:640,A rat animal model that is used for rearch of vaccine against encephalomyelitis.,Oliver He|Jie Zheng|Leo Yeh,https://violinet.org/vaxquery/query_detail.php?c_pathogen_id=235#Vaccine_Information
OLAS:0000432,hamster animal model,,Mesocricetus auratus,hamster,('Mesocricetus auratus' and 'has role' some 'laboratory animal model role'),laboratory animal model role,,,,,,,Oliver He|Jie Zheng,
OLAS:0000433,mouse animal model,,Mus musculus,mouse,('Mus musculus' and 'has role' some 'laboratory animal model role'),laboratory animal model role,,,,,,,Oliver He|Jie Zheng,
OLAS:0000434,rat animal model,,Rattus,rat,('Rattus' and 'has role' some 'laboratory animal model role'),laboratory animal model role,,,,,,,Oliver He|Jie Zheng,
OLAS:0000435,guinea pig animal model,,Cavia porcellus,guinea pig,('Cavia porcellus' and 'has role' some 'laboratory animal model role'),laboratory animal model role,,,,,,,Oliver He|Jie Zheng,
OLAS:0000436,fish animal model,,Myxini,fish,('Myxini' and 'has role' some 'laboratory animal model role'),laboratory animal model role,,,,,,,Oliver He|Jie Zheng,
OLAS:0000437,catfishes animal model,,Siluriformes,catfishes,('Siluriformes' and 'has role' some 'laboratory animal model role'),laboratory animal model role,,,,,,,Oliver He|Jie Zheng,
OLAS:0000438,rainbow trout animal model,,Oncorhynchus mykiss,rainbow trout,('Oncorhynchus mykiss' and 'has role' some 'laboratory animal model role'),laboratory animal model role,,,,,,,Oliver He|Jie Zheng,
OLAS:0000439,ducks animal model,,Anas,ducks,('Anas' and 'has role' some 'laboratory animal model role'),laboratory animal model role,,,,,,,Oliver He|Jie Zheng,
OLAS:0000440,chicken animal model,,Gallus gallus,chicken,('Gallus gallus' and 'has role' some 'laboratory animal model role'),laboratory animal model role,,,,,,,Oliver He|Jie Zheng,
OLAS:0000441,turkey animal model,,Meleagris gallopavo,turkey,('Meleagris gallopavo' and 'has role' some 'laboratory animal model role'),laboratory animal model role,,,,,,,Oliver He|Jie Zheng,
OLAS:0000442,parrot animal model,,Psittacidae,parrot,('Psittacidae' and 'has role' some 'laboratory animal model role'),laboratory animal model role,,,,,,,Oliver He|Jie Zheng,
OLAS:0000443,monkey animal model,,Platyrrhini,monkey,('Platyrrhini' and 'has role' some 'laboratory animal model role'),laboratory animal model role,,,,,,,Oliver He|Jie Zheng,
OLAS:0000444,macaque animal model,,Macaca fascicularis,macaque,('Macaca fascicularis' and 'has role' some 'laboratory animal model role'),laboratory animal model role,,,,,,,Oliver He|Jie Zheng,
OLAS:0000445,chimpanzee animal model,,Pan troglodytes,chimpanzee,('Pan troglodytes' and 'has role' some 'laboratory animal model role'),laboratory animal model role,,,,,,,Oliver He|Jie Zheng,
OLAS:0000446,dog animal model,,Canis lupus familiaris,dog,('Canis lupus familiaris' and 'has role' some 'laboratory animal model role'),laboratory animal model role,,,,,,,Oliver He|Jie Zheng,
OLAS:0000447,ferret animal model,,Mustela putorius furo,ferret,('Mustela putorius furo' and 'has role' some 'laboratory animal model role'),laboratory animal model role,,,,,,,Oliver He|Jie Zheng,
OLAS:0000448,cat animal model,,Felis catus,cat,('Felis catus' and 'has role' some 'laboratory animal model role'),laboratory animal model role,,,,,,,Oliver He|Jie Zheng,
OLAS:0000449,horse animal model,,Equus caballus,horse,('Equus caballus' and 'has role' some 'laboratory animal model role'),laboratory animal model role,,,,,,,Oliver He|Jie Zheng,
OLAS:0000450,pig animal model,,Sus scrofa,pig,('Sus scrofa' and 'has role' some 'laboratory animal model role'),laboratory animal model role,,,,,,,Oliver He|Jie Zheng,
OLAS:0000451,cattle animal model,,Bos taurus,cattle,('Bos taurus' and 'has role' some 'laboratory animal model role'),laboratory animal model role,,,,,,,Oliver He|Jie Zheng,
OLAS:0000452,goat animal model,,Capra hircus,goat,('Capra hircus' and 'has role' some 'laboratory animal model role'),laboratory animal model role,,,,,,,Oliver He|Jie Zheng,
OLAS:0000453,sheep animal model,,Ovis aries,sheep,('Ovis aries' and 'has role' some 'laboratory animal model role'),laboratory animal model role,,,,,,,Oliver He|Jie Zheng,
OLAS:0000454,rabbit animal model,,Oryctolagus cuniculus,rabbit,('Oryctolagus cuniculus' and 'has role' some 'laboratory animal model role'),laboratory animal model role,,,,,,,Oliver He|Jie Zheng,